video_id,video_title,source,is_creator,algospeak_term,original_meaning,category,occurrences,context
-dj1EqspKF8,Woke DA Orders Prosecutors To Go Soft On Black Cri,transcript,True,accountable,cancelled,other,4,"...t against them that you think they should be held accountable for murder. Now, of course, that's ridiculous. Th..."
-dj1EqspKF8,Woke DA Orders Prosecutors To Go Soft On Black Cri,transcript,True,accountable,cancelled,other,4,...d victims from these criminals and hold criminals accountable. And her worldview is black person who commits a...
-dj1EqspKF8,Woke DA Orders Prosecutors To Go Soft On Black Cri,transcript,True,accountable,cancelled,other,4,"...l age 26, therefore, we are not going to hold you accountable when you commit crimes before that is absurd in e..."
-dj1EqspKF8,Woke DA Orders Prosecutors To Go Soft On Black Cri,comment,False,s3x,sex,sexual,1,...that would make discrimination based on race and s3x legal.  They were already doing that before prop...
-dj1EqspKF8,Woke DA Orders Prosecutors To Go Soft On Black Cri,comment,False,accountable,cancelled,other,1,.... Never mind all that. If you hold a black person accountable you're racist and evil.    Black fatigue is very...
-dj1EqspKF8,Woke DA Orders Prosecutors To Go Soft On Black Cri,comment,False,bs,bullshit,profanity,1,"...themselves so we should go easy on them. Absolute BS. They have agency, they can choose to commit crim..."
-dj1EqspKF8,Woke DA Orders Prosecutors To Go Soft On Black Cri,comment,False,bs,bullshit,profanity,1,"As bad as things are, I'm calling BS on that. The cops didn't tell your cousin that. I..."
-dj1EqspKF8,Woke DA Orders Prosecutors To Go Soft On Black Cri,comment,False,sh*t,shit,profanity,1,"...g what they said, smh. That's the most ridiculous sh*t I've heard today. I'm glad he's OK"
-dj1EqspKF8,Woke DA Orders Prosecutors To Go Soft On Black Cri,comment,False,accountable,cancelled,other,1,We need you to be held to be accountable.
6gkEf3wsLnA,He CAN'T STOP LYING,transcript,True,n-word,racial slur,other,3,"...posted a compilation of Anna Kasparian saying the n-word, even though in those segments where she said it,..."
6gkEf3wsLnA,He CAN'T STOP LYING,transcript,True,n-word,racial slur,other,3,...gments were her condemning somebody for using the n-word in a racist way. And she ended up cutting that al...
6gkEf3wsLnA,He CAN'T STOP LYING,transcript,True,n-word,racial slur,other,3,...and saying that Anna was calling black people the n-word. And what did Jen's nephew do? Did he have any lo...
6gkEf3wsLnA,He CAN'T STOP LYING,transcript,True,no money,demonetized,platform_moderation,1,...he went broke completely and his family just had no money when he got out of college. I said I was broke be...
6gkEf3wsLnA,He CAN'T STOP LYING,comment,False,bs,bullshit,profanity,1,"...the supreme court was never even meant to do this BS sweeping ""opinion"" policy changes.   Supposed to..."
6gkEf3wsLnA,He CAN'T STOP LYING,comment,False,shadow realm,shadowbanned,platform_moderation,1,Did he banish his dog to the shadow realm?
6gkEf3wsLnA,He CAN'T STOP LYING,comment,False,grape,rape,sexual,1,@bl4ckkn1g8t5 You mean the grape capital of Europe? Check the crime rate and get b...
6gkEf3wsLnA,He CAN'T STOP LYING,comment,False,sht,shit,profanity,1,"...g it  (Edit: and yes I found myself making my old sht last week, I'm not even broke rn... I liked it an..."
6gkEf3wsLnA,He CAN'T STOP LYING,comment,False,in jail,banned/suspended,platform_moderation,2,...sure but you probably haven't if you haven't been in jail or been friends with criminals lol. So you cook u...
6gkEf3wsLnA,He CAN'T STOP LYING,comment,False,in jail,banned/suspended,platform_moderation,2,...w seconds. Can be done without a microwave though in jail. Definitely best meal I could get in there üò¢ damn...
6gkEf3wsLnA,He CAN'T STOP LYING,comment,False,corn,porn,sexual,1,"...chips soft, mix in canned or frozen peas carrots corn mix, then put the whole cursed mix into a tortill..."
6gkEf3wsLnA,He CAN'T STOP LYING,comment,False,no money,demonetized,platform_moderation,1,...ge so i could buy food for my cat. That also left no money to buy food for myself so i lived for 3-4 days on...
6gkEf3wsLnA,He CAN'T STOP LYING,comment,False,bs,bullshit,profanity,1,...ad your eye on this fool too long for him to pull bs like this
7fDiL_RFGTA,The Real Says Jussie Smollett Hoax Was Noble,transcript,True,bs,bullshit,profanity,3,...ainst all the white people that call the cops for bs every single day and there's that too the whole i...
7fDiL_RFGTA,The Real Says Jussie Smollett Hoax Was Noble,transcript,True,bs,bullshit,profanity,3,...at about the white people that call the cops over bs every single day why aren't they arrested first o...
7fDiL_RFGTA,The Real Says Jussie Smollett Hoax Was Noble,transcript,True,bs,bullshit,profanity,3,...they don't get arrested is because what you call bs every single day is actually a reasonable reason...
7fDiL_RFGTA,The Real Says Jussie Smollett Hoax Was Noble,transcript,True,in jail,banned/suspended,platform_moderation,1,...ions for all crimes we'd have virtually no people in jail no people convicted in this nation jesse ultimate...
7fDiL_RFGTA,The Real Says Jussie Smollett Hoax Was Noble,comment,False,bs,bullshit,profanity,1,".... This is the same product among others that have BS backstories, like when some teacher in a hot scho..."
7fDiL_RFGTA,The Real Says Jussie Smollett Hoax Was Noble,comment,False,bs,bullshit,profanity,1,...tell me it's a bunch of ideologues spreading the bs.
7fDiL_RFGTA,The Real Says Jussie Smollett Hoax Was Noble,comment,False,fck,fuck,profanity,1,I‚Äôm with you Riley! Fck )Karen( Goldberg (little hat person)
7fDiL_RFGTA,The Real Says Jussie Smollett Hoax Was Noble,comment,False,bs,bullshit,profanity,1,"...area, end up getting arrested or hurt due to this BS."
7fDiL_RFGTA,The Real Says Jussie Smollett Hoax Was Noble,comment,False,bs,bullshit,profanity,1,"Calling the Police for ""BS""...And concocting a crime for attention and to st..."
7fDiL_RFGTA,The Real Says Jussie Smollett Hoax Was Noble,comment,False,sh*t,shit,profanity,1,...rstand these hot chicks growing up to be such bat-sh*t activists.
7fDiL_RFGTA,The Real Says Jussie Smollett Hoax Was Noble,comment,False,bs,bullshit,profanity,1,"...be that person, soon as she started spewing that BS and rolling her eyes."
7fDiL_RFGTA,The Real Says Jussie Smollett Hoax Was Noble,comment,False,accountable,cancelled,other,1,...and that's so beyond insane that POS is not held accountable whatsoever
7fDiL_RFGTA,The Real Says Jussie Smollett Hoax Was Noble,comment,False,in jail,banned/suspended,platform_moderation,1,"...91 If memory serves, he was sentenced to 150 days in jail.  That means in the local city or county jail, in..."
BkljlgKzuBo,Loads of Porn Stars Regret Doing Porn,transcript,True,only fans,OnlyFans,sexual,6,...the worst aspect of all of this is it bleeds into only fans obviously oh yeah I mean like it's bad enough whe...
BkljlgKzuBo,Loads of Porn Stars Regret Doing Porn,transcript,True,only fans,OnlyFans,sexual,6,...then obviously it got way worse so they were the only fans being literally any girl with a phone on the plan...
BkljlgKzuBo,Loads of Porn Stars Regret Doing Porn,transcript,True,only fans,OnlyFans,sexual,6,...ou don't even need an outlet and we see plenty of only fans regret as well men won't date me because I'm an o...
CskLY0-7_zY,Kyle Kulinski CRIES Over Matt Walsh Crime Takes,transcript,True,no money,demonetized,platform_moderation,1,...d in dilapidated cities with broken families with no money no hope no chance to get out a society that hasn'...
CskLY0-7_zY,Kyle Kulinski CRIES Over Matt Walsh Crime Takes,comment,False,in jail,banned/suspended,platform_moderation,1,"...f social programs that teach you life skill while in jail, or even better helps you with food, shelter, or..."
CskLY0-7_zY,Kyle Kulinski CRIES Over Matt Walsh Crime Takes,comment,False,no money,demonetized,platform_moderation,1,"...e. What's the motive? Well you're hungry and have no money, or maybe you got a drug addiction so you steal o..."
CskLY0-7_zY,Kyle Kulinski CRIES Over Matt Walsh Crime Takes,comment,False,accountable,cancelled,other,1,"...so many Leftist elitists in power never are held accountable or liable for their ever-growing list of crimes,..."
CskLY0-7_zY,Kyle Kulinski CRIES Over Matt Walsh Crime Takes,comment,False,in jail,banned/suspended,platform_moderation,1,...erers for a long time then there's less murderers in jail...
CskLY0-7_zY,Kyle Kulinski CRIES Over Matt Walsh Crime Takes,comment,False,in jail,banned/suspended,platform_moderation,2,"...y, the issue is you can twist laws to pit someone in jail for anything. There are 200 year old laws that th..."
CskLY0-7_zY,Kyle Kulinski CRIES Over Matt Walsh Crime Takes,comment,False,in jail,banned/suspended,platform_moderation,2,...old laws that they pull out if they wanna put you in jail..  upset the right cop and they‚Äôll skip a reason....
CskLY0-7_zY,Kyle Kulinski CRIES Over Matt Walsh Crime Takes,comment,False,accountable,cancelled,other,1,"...me wrong, I do agree we should hold other people accountable and this is not an excuse, but I do believe in be..."
CskLY0-7_zY,Kyle Kulinski CRIES Over Matt Walsh Crime Takes,comment,False,corn,porn,sexual,1,"...t was really about what they say, they would make corn syrup illegal as half the country is obese and it..."
CskLY0-7_zY,Kyle Kulinski CRIES Over Matt Walsh Crime Takes,comment,False,corn,porn,sexual,1,...gustgreig9420 I'm ok with outlawing high fructose corn syrup üëçüèº would vote yes on that in a heartbeat. S...
CskLY0-7_zY,Kyle Kulinski CRIES Over Matt Walsh Crime Takes,comment,False,accountable,cancelled,other,1,How dare someone want criminals to be held accountable.  How selfish to think that families should be ab...
CskLY0-7_zY,Kyle Kulinski CRIES Over Matt Walsh Crime Takes,comment,False,in jail,banned/suspended,platform_moderation,1,...ur monumentally wrong about wanting to put people in jail for drug use.  You can be anti drug and still thi...
CskLY0-7_zY,Kyle Kulinski CRIES Over Matt Walsh Crime Takes,comment,False,no money,demonetized,platform_moderation,1,...have plenty of social safety nets and people with no money get lots of free things from the government. Nice...
CskLY0-7_zY,Kyle Kulinski CRIES Over Matt Walsh Crime Takes,comment,False,in jail,banned/suspended,platform_moderation,1,"ü§îü§îü§îon the people  in jail chart i didn't  see parading on the federal pie,..."
CskLY0-7_zY,Kyle Kulinski CRIES Over Matt Walsh Crime Takes,comment,False,in jail,banned/suspended,platform_moderation,1,We definitely don't have nearly enough people in jail right now.
D6cpD_vfVP4,Cincinnati CAUGHT Paying Black Activist To ATTACK ,transcript,True,in jail,banned/suspended,platform_moderation,1,...woman out of here. Get her out of town. Throw her in jail. whatever you need to do. >> Cobber says the city...
D6cpD_vfVP4,Cincinnati CAUGHT Paying Black Activist To ATTACK ,comment,False,bs,bullshit,profanity,1,"..., to discredit & Destroy those who didn‚Äôt buy the BS fed to us, about JFK‚Äôs assassination."
D6cpD_vfVP4,Cincinnati CAUGHT Paying Black Activist To ATTACK ,comment,False,in jail,banned/suspended,platform_moderation,1,...xuries. When the citizens protest they are thrown in jail. The illegals rape and shoplift and form gangs to...
D6cpD_vfVP4,Cincinnati CAUGHT Paying Black Activist To ATTACK ,comment,False,in jail,banned/suspended,platform_moderation,1,...IF SO GIVE THEM TO POLICE SO SHE CAN GET 12 YEARS IN JAIL.
D6cpD_vfVP4,Cincinnati CAUGHT Paying Black Activist To ATTACK ,comment,False,sh*t,shit,profanity,1,"Sh*t, how can people apply? ü§£"
D6cpD_vfVP4,Cincinnati CAUGHT Paying Black Activist To ATTACK ,comment,False,bs,bullshit,profanity,1,"And I bet no one has been arrested !  This is BS I have had enough ,  these judges and prosecutors..."
D6cpD_vfVP4,Cincinnati CAUGHT Paying Black Activist To ATTACK ,comment,False,in jail,banned/suspended,platform_moderation,1,I spent a night in jail and had to pay a fine for stepping one foot outsi...
D6cpD_vfVP4,Cincinnati CAUGHT Paying Black Activist To ATTACK ,comment,False,in jail,banned/suspended,platform_moderation,1,...d a baby behind that bar and they'd get less time in jail.
G3wI8aIx4e8,Toledo Cop ARRESTED For Shoplifting,comment,False,bs,bullshit,profanity,1,...ng what you criticize. Go join the left with that bs.
G3wI8aIx4e8,Toledo Cop ARRESTED For Shoplifting,comment,False,pew pew,gun/shooting,weapons,1,"...riend replied, ""I catch ya stealing my stuff I'll pew pew you"" to which he was repremanded later by his man..."
Hh74jSq4Zzw,When The Police FAIL,comment,False,bs,bullshit,profanity,1,@brandonw9635  That‚Äôs a BS excuse. Seeing bad people a lot is not a valid ex...
Hh74jSq4Zzw,When The Police FAIL,comment,False,accountable,cancelled,other,1,...These people should be fired and maybe even held accountable for the murders of those children.  This isn‚Äôt a...
Hh74jSq4Zzw,When The Police FAIL,comment,False,accountable,cancelled,other,1,Or maybe the shooter should be held accountable.....
Hh74jSq4Zzw,When The Police FAIL,comment,False,accountable,cancelled,other,1,...have made a gigantic mistake and need to be held accountable if that is the case.
Hh74jSq4Zzw,When The Police FAIL,comment,False,in jail,banned/suspended,platform_moderation,1,...d if you break it (even by mistake) you get years in jail and lose the right to ever have a gun again)
Hh74jSq4Zzw,When The Police FAIL,comment,False,bs,bullshit,profanity,1,...school to give them a heads up.  Gtfoh with your bs..
Hh74jSq4Zzw,When The Police FAIL,comment,False,accountable,cancelled,other,1,"...left hates responsibility, it holds them actually accountable. The left wants others to do their bidding."
Hh74jSq4Zzw,When The Police FAIL,comment,False,bs,bullshit,profanity,1,"...the Tac team wait, so that just sounds like more BS, the Tac team ended up going in on their own agai..."
Hh74jSq4Zzw,When The Police FAIL,comment,False,bs,bullshit,profanity,1,...reech the door in case there was asbestos or some BS
Hh74jSq4Zzw,When The Police FAIL,comment,False,accountable,cancelled,other,1,these officers need to be held accountable as accomplices for the murder of each of those ki...
IQujpTzTNGY,Los Angeles DESTROYS Graham Stephan,comment,False,bs,bullshit,profanity,1,...number of people will put up with a whole lot of BS
IQujpTzTNGY,Los Angeles DESTROYS Graham Stephan,comment,False,snow,cocaine,drugs,1,...y's tax base? Maintaining the sidewalk (including snow removal) is commonly the homeowner's responsibili...
IQujpTzTNGY,Los Angeles DESTROYS Graham Stephan,comment,False,snow,cocaine,drugs,1,...to bear responsibility for maintenance (including snow removal). My grievance would be with their choice...
IQujpTzTNGY,Los Angeles DESTROYS Graham Stephan,comment,False,bs,bullshit,profanity,1,...ou can fight the tax thing because that‚Äôs is pure BS!
IQujpTzTNGY,Los Angeles DESTROYS Graham Stephan,comment,False,snow,cocaine,drugs,1,...They needed to have off street parking because of snow removal and formalization of the address for 911.
IQujpTzTNGY,Los Angeles DESTROYS Graham Stephan,comment,False,accountable,cancelled,other,1,...a way to expose this and hold the people involved accountable. This is unacceptable
IQujpTzTNGY,Los Angeles DESTROYS Graham Stephan,comment,False,bs,bullshit,profanity,1,...jor companies who can handle all the bureaucratic BS to be building houses
IQujpTzTNGY,Los Angeles DESTROYS Graham Stephan,comment,False,accountable,cancelled,other,1,"I was told that government was accountable to the people, but it looks like they don't answe..."
LDJTfMuGs8c,Jennifer Lawrence ADMITS Wokeness Is KILLING Holly,comment,False,snow,cocaine,drugs,1,...he main perpetrator is rise of someone worse than Snow.
LDJTfMuGs8c,Jennifer Lawrence ADMITS Wokeness Is KILLING Holly,comment,False,bs,bullshit,profanity,2,...Obviously there are people that think the insane bs‚Ä¶but it‚Äôs a tiny minority when compared to the tot...
LDJTfMuGs8c,Jennifer Lawrence ADMITS Wokeness Is KILLING Holly,comment,False,bs,bullshit,profanity,2,"...y design) honestly, if you genuinely believe that bs isn‚Äôt just a tiny minority of loud and obnoxious..."
LDJTfMuGs8c,Jennifer Lawrence ADMITS Wokeness Is KILLING Holly,comment,False,the hub,PornHub,sexual,1,...a sign on them warning sane people to stay away. The hubris on the right is stunning and will come to no g...
LDJTfMuGs8c,Jennifer Lawrence ADMITS Wokeness Is KILLING Holly,comment,False,bs,bullshit,profanity,1,"...e left and big business to help promote this woke BS. This isn't a war exclusively in America,  the We..."
LHjgCo4RuZs,Sydney Sweeney REFUSES To Apologize To Woke Mob,comment,False,bobs,breasts,sexual,1,For not showing those bobs is one thing I can think of..
LHjgCo4RuZs,Sydney Sweeney REFUSES To Apologize To Woke Mob,comment,False,mascara,gun (in some contexts),weapons,1,...try to look better. Girl could use some blush and mascara
LHjgCo4RuZs,Sydney Sweeney REFUSES To Apologize To Woke Mob,comment,False,bs,bullshit,profanity,1,...set about. Good on Sydney for not caving to their bs
LHjgCo4RuZs,Sydney Sweeney REFUSES To Apologize To Woke Mob,comment,False,bs,bullshit,profanity,1,"She looks so done with the interviewer‚Äôs bs thirty seconds in, it‚Äôs hilarious"
MzscxerhBE8,Cenk Lies For Jussie Smollett,comment,False,bs,bullshit,profanity,1,"...to no desired result likely , it's almost always BS"
MzscxerhBE8,Cenk Lies For Jussie Smollett,comment,False,in jail,banned/suspended,platform_moderation,1,"Only 10,000$ their are people in jail for doing drugs not selling but their bond is 50,..."
MzscxerhBE8,Cenk Lies For Jussie Smollett,comment,False,in jail,banned/suspended,platform_moderation,1,...d Street so I go viral! It'll be worth the 2 days in jail.
MzscxerhBE8,Cenk Lies For Jussie Smollett,comment,False,bs,bullshit,profanity,1,"This is bs, OJ Simpson was innocent too!"
MzscxerhBE8,Cenk Lies For Jussie Smollett,comment,False,in jail,banned/suspended,platform_moderation,1,Brothers would be in jail if they believed Jessie ! FBI COMING !
O8TjbeaKIb0,Knowing Better FAILS On Criminal Justice,comment,False,effing,fucking,profanity,1,"...ortable with my leftist leanings"" which is really effing stupid for a channel that is supposed to educate..."
Oc8uxDDdJs0,Project Veritas vs the New York Times,transcript,True,accountable,cancelled,other,1,...s activist organization to try and hold the media accountable and the new york times which i believe just passe...
PThXQdSC3Ac,Black Leaders PANIC After Whites Leave City,transcript,True,accountable,cancelled,other,3,...together and put those out there and have someone accountable to you no longer accountable to some people off i...
PThXQdSC3Ac,Black Leaders PANIC After Whites Leave City,transcript,True,accountable,cancelled,other,3,...ere and have someone accountable to you no longer accountable to some people off in the city of bat Rouge or so...
PThXQdSC3Ac,Black Leaders PANIC After Whites Leave City,transcript,True,accountable,cancelled,other,3,...mewhere else in the parish no they're going to be accountable to you your neighbors your friends and your co-wo...
PThXQdSC3Ac,Black Leaders PANIC After Whites Leave City,comment,False,bs,bullshit,profanity,1,@jamessmith-hs7if I smell a BS excuse! Didn't your parents teach you blaming oth...
PThXQdSC3Ac,Black Leaders PANIC After Whites Leave City,comment,False,bs,bullshit,profanity,1,@happilygrimnate1628 BS
PThXQdSC3Ac,Black Leaders PANIC After Whites Leave City,comment,False,effing,fucking,profanity,1,"...them how. NOW look at them, blacks CHOOSE to stay effing ignorant."
PThXQdSC3Ac,Black Leaders PANIC After Whites Leave City,comment,False,bs,bullshit,profanity,1,@mylamberfeeties875 BS. Uneducated!? That is on the uneducated!!!! Publi...
PThXQdSC3Ac,Black Leaders PANIC After Whites Leave City,comment,False,snow,cocaine,drugs,1,...ur so correct God 1st Yuliya Beautiful Rich White Snow Bunny üêáüêáüêáüá∑üá∫üá∑üá∫WE Russians are also hated n deteste...
PThXQdSC3Ac,Black Leaders PANIC After Whites Leave City,comment,False,no money,demonetized,platform_moderation,1,"No money? HOWWWW SAD LoL Wait what if we apply the same l..."
PThXQdSC3Ac,Black Leaders PANIC After Whites Leave City,comment,False,grape,rape,sexual,1,dey needs dey witez wimmenz to grape
PThXQdSC3Ac,Black Leaders PANIC After Whites Leave City,comment,False,accountable,cancelled,other,1,"..., just acts of racism, and not wanting to be held accountable for the hatred."
PThXQdSC3Ac,Black Leaders PANIC After Whites Leave City,comment,False,bs,bullshit,profanity,1,"...by shootings, bumping radios, and the rest of the BS."
PThXQdSC3Ac,Black Leaders PANIC After Whites Leave City,comment,False,no money,demonetized,platform_moderation,1,"No money? HOWWWW SAD LoL Wait what if we apply the same l..."
PThXQdSC3Ac,Black Leaders PANIC After Whites Leave City,comment,False,no money,demonetized,platform_moderation,1,"...that had jobs, money, and paid taxes.  Gov't has NO money without working class people to pay taxes so the..."
PThXQdSC3Ac,Black Leaders PANIC After Whites Leave City,comment,False,no money,demonetized,platform_moderation,1,Lol they ain't got no money spent there efforts of making blacks happy over e...
PThXQdSC3Ac,Black Leaders PANIC After Whites Leave City,comment,False,bs,bullshit,profanity,1,@AlldatJazz-rw9wy No it isn't. You just believe bs. Most people in Louisiana are mixed. Name a sundo...
PThXQdSC3Ac,Black Leaders PANIC After Whites Leave City,comment,False,bs,bullshit,profanity,1,...nity. Every blue state is suffering from the same bs.
PThXQdSC3Ac,Black Leaders PANIC After Whites Leave City,comment,False,in jail,banned/suspended,platform_moderation,1,"...dy"" won't pay child support because 4 of them are in jail/prison and the other 2 left the state."
PThXQdSC3Ac,Black Leaders PANIC After Whites Leave City,comment,False,bs,bullshit,profanity,1,"...er was "" under British rules"". What an illiterate bs to say. Africa is a CONTINENT, huge, separated fr..."
Qo3EehSbx8o,It's OVER For Democrat Cities,comment,False,bs,bullshit,profanity,1,I'm glad someone else noticed the BS around family leave policies and claiming they wi...
T2oL0DdKWHo,Adnan Syed Is STILL 100% GUILTY,comment,False,snow,cocaine,drugs,1,"...ought, flooding, ""record breaking"" heat waves and snow storms have no connection to noticeable carbon em..."
T2oL0DdKWHo,Adnan Syed Is STILL 100% GUILTY,comment,False,bs,bullshit,profanity,1,...e his videos so much because he goes right at the BS that a lot of these Netflix type shows leave out...
T2oL0DdKWHo,Adnan Syed Is STILL 100% GUILTY,comment,False,in jail,banned/suspended,platform_moderation,1,...ans r tweeting that the only reason why Adnan was in jail was cuz Koreans r racists. Some of them r even ca...
T2oL0DdKWHo,Adnan Syed Is STILL 100% GUILTY,comment,False,accountable,cancelled,other,1,...the society and didn't have the agency to be held accountable. A working person even just calling attention to...
T2oL0DdKWHo,Adnan Syed Is STILL 100% GUILTY,comment,False,bs,bullshit,profanity,1,Source?  Sounds like BS   FBI top cell expert or anonymous internet exper...
T2oL0DdKWHo,Adnan Syed Is STILL 100% GUILTY,comment,False,bs,bullshit,profanity,1,...the actual victim here. He truly believes his own bs. No justice for Hae Min Lee the real victim here.
USoy-VxpbCM,Joe Rogan and Tim Pool vs Twitter,transcript,True,accountable,cancelled,other,1,...s suspended for holding members of the government accountable under Twitter's daxing policy I want to make this...
USoy-VxpbCM,Joe Rogan and Tim Pool vs Twitter,comment,False,bs,bullshit,profanity,1,"...Jones is correct, Twitter‚Äôs strikes are even more BS"
Vcbloi9B9Ew,Cop CAUGHT Stealing Sneakers,transcript,True,accountable,cancelled,other,2,...ts Across the Nation where we would hold officers accountable for said economic corruption this is something th...
Vcbloi9B9Ew,Cop CAUGHT Stealing Sneakers,transcript,True,accountable,cancelled,other,2,...be the same each and every time hold the officer accountable hold them to that higher standard and by the way...
Vcbloi9B9Ew,Cop CAUGHT Stealing Sneakers,transcript,True,in jail,banned/suspended,platform_moderation,1,...ined the officer and called 911 we're putting her in jail it's embarrassing for the department but we're go...
Vcbloi9B9Ew,Cop CAUGHT Stealing Sneakers,comment,False,accountable,cancelled,other,1,...then they would immediately cry racism when held accountable.  They would spend all day trying to fuck you ove...
Vcbloi9B9Ew,Cop CAUGHT Stealing Sneakers,comment,False,accountable,cancelled,other,1,...actually shocked my state managed to hold someone accountable thats amazing
Vcbloi9B9Ew,Cop CAUGHT Stealing Sneakers,comment,False,effing,fucking,profanity,1,What is it about those effing sneakers?
WhB9gxYAY7s,Ana Navarro Goes FULL RACIST On Brad Polumbo,comment,False,the algorithm,content moderation system,other,1,I wonder how the algorithm deletes my posts despite nothing i daid being rac...
WhB9gxYAY7s,Ana Navarro Goes FULL RACIST On Brad Polumbo,comment,False,spicy,sexual,other,1,"...dly look like Italians? Yes, white people come in spicy white and Hispanics come in light. That doesn't c..."
WhB9gxYAY7s,Ana Navarro Goes FULL RACIST On Brad Polumbo,comment,False,spicy,sexual,other,1,I bet she can‚Äôt handle spicy foods.
WhB9gxYAY7s,Ana Navarro Goes FULL RACIST On Brad Polumbo,comment,False,spicy,sexual,other,2,...most of Central and South America can not handle spicy food. Mexico is the only country  in the Latin Am...
WhB9gxYAY7s,Ana Navarro Goes FULL RACIST On Brad Polumbo,comment,False,spicy,sexual,other,2,...ry  in the Latin America where they typically eat spicy food as part of their diet.
WhB9gxYAY7s,Ana Navarro Goes FULL RACIST On Brad Polumbo,comment,False,r-word,ableist slur,other,1,She‚Äôs already gone full the other R-word
WhB9gxYAY7s,Ana Navarro Goes FULL RACIST On Brad Polumbo,comment,False,bs,bullshit,profanity,1,.... Why this UN (fake just control virtue signaling bs) was never good because there is no way anyone sh...
WhB9gxYAY7s,Ana Navarro Goes FULL RACIST On Brad Polumbo,comment,False,bs,bullshit,profanity,1,...t shrinking away in fear at her identity politics bs
WhB9gxYAY7s,Ana Navarro Goes FULL RACIST On Brad Polumbo,comment,False,bs,bullshit,profanity,1,...me it's sick. Good that he called her out for her BS. But Ana will claim she's not racist but we all k...
YvAFRa9aPq4,How Crime Data Is Manipulated,transcript,True,accountable,cancelled,other,1,...han confronting the criminal holding the criminal accountable will take any stat any anecdote any data point is...
YvAFRa9aPq4,How Crime Data Is Manipulated,comment,False,accountable,cancelled,other,1,"...is on changing the system, not holding criminals accountable."
YvAFRa9aPq4,How Crime Data Is Manipulated,comment,False,bs,bullshit,profanity,1,...e stats and talk about privilege and all sorts of bs. Something very common to the people who ignore c...
YvAFRa9aPq4,How Crime Data Is Manipulated,comment,False,in jail,banned/suspended,platform_moderation,1,"...politics.  Repeat offenders getting a few months in jail for felonies, and evidence sent to a lab has year..."
YvAFRa9aPq4,How Crime Data Is Manipulated,comment,False,self delete,suicide,violence_death,1,...ut on your sweet sweet tax payer dollars when you self delete.
YvAFRa9aPq4,How Crime Data Is Manipulated,comment,False,the algorithm,content moderation system,other,1,commenting to feed the algorithm
YvAFRa9aPq4,How Crime Data Is Manipulated,comment,False,bs,bullshit,profanity,1,"...secutors exhaust all options (restorative justice bs) before sending kids to juvenile prison, and made..."
ZEWJIHuD1uI,Adam Ruins Everything Fails on Gun Control,comment,False,bs,bullshit,profanity,1,Check out woke BS on his Christopher Columbus episode
ZEWJIHuD1uI,Adam Ruins Everything Fails on Gun Control,comment,False,bs,bullshit,profanity,1,"...nny. It is straight to the point with no nonsense BS, you are well spoken, you don't try to be funny y..."
ZEWJIHuD1uI,Adam Ruins Everything Fails on Gun Control,comment,False,bs,bullshit,profanity,1,...watching that show when they interjected Liberal BS.
ZEWJIHuD1uI,Adam Ruins Everything Fails on Gun Control,comment,False,bs,bullshit,profanity,1,...nger to find out but I started to catch whiffs of bs
ZEWJIHuD1uI,Adam Ruins Everything Fails on Gun Control,comment,False,bs,bullshit,profanity,2,"...turns out to be true, the shrug it off as Liberal BS or Conservative BS."
ZEWJIHuD1uI,Adam Ruins Everything Fails on Gun Control,comment,False,bs,bullshit,profanity,2,"...e, the shrug it off as Liberal BS or Conservative BS."
ZEWJIHuD1uI,Adam Ruins Everything Fails on Gun Control,comment,False,bs,bullshit,profanity,1,"...rtant. Saying the 2nd is for the states, is utter BS"
ZEWJIHuD1uI,Adam Ruins Everything Fails on Gun Control,comment,False,in jail,banned/suspended,platform_moderation,1,"...a self feeding cycle. Young adult males being put in jail for committing crime, or killed by another black..."
ZPSLKEs_1a4,Anita vs The Mandalorian,comment,False,the big D,depression,other,1,...ss peach.  Get shlubby Mario‚Äôs to rescue her from the big dragon that has her captive.
ZPSLKEs_1a4,Anita vs The Mandalorian,comment,False,bs,bullshit,profanity,1,"...with the dialogue thing. Now the bechdel test is bs, but look at Kevin Smith movies, with limited act..."
ZPSLKEs_1a4,Anita vs The Mandalorian,comment,False,bs,bullshit,profanity,1,...onservatives who want to maintain their religious bs scam of theirs alive.
_9ectEMceBk,Game Of Thrones Season 7 Ep. 1 review (Spoilers),transcript,True,snow,cocaine,drugs,9,...r aside from possibly Littlefinger that knows Jon Snow's real origin so him coming back from Beyond the...
_9ectEMceBk,Game Of Thrones Season 7 Ep. 1 review (Spoilers),transcript,True,snow,cocaine,drugs,9,...quick refresher the nor is under the rule of Jon Snow Daenerys is approaching from the sea you have the...
_9ectEMceBk,Game Of Thrones Season 7 Ep. 1 review (Spoilers),transcript,True,snow,cocaine,drugs,9,...esting stuff for me and that's the stuff with Jon Snow sitting at the table after he's been declared the...
a0tD4hmswz4,Dearborn Mayor Says Muslims Are ABOVE Assimilation,comment,False,lucy,LSD,drugs,1,@Love-like-Lucy and Democrats will help in being his downfall
a0tD4hmswz4,Dearborn Mayor Says Muslims Are ABOVE Assimilation,comment,False,bs,bullshit,profanity,1,"...d exposing all the fraud, corruption, and radical bs going on. The push back is getting massive to rem..."
a0tD4hmswz4,Dearborn Mayor Says Muslims Are ABOVE Assimilation,comment,False,bs,bullshit,profanity,1,"‚Äã@SEKreiver What BS! We are not a ""Proposition Nation."" This country..."
a0tD4hmswz4,Dearborn Mayor Says Muslims Are ABOVE Assimilation,comment,False,bs,bullshit,profanity,1,"The people of Iran fell for this BS, and now they're under Sharia Law.  If our people..."
a0tD4hmswz4,Dearborn Mayor Says Muslims Are ABOVE Assimilation,comment,False,bs,bullshit,profanity,1,...9/11 it only took a few seconds before I thought BS and started to search for the year he was born. T...
a0tD4hmswz4,Dearborn Mayor Says Muslims Are ABOVE Assimilation,comment,False,bs,bullshit,profanity,1,...as in jr high on 9/11 right? It‚Äôs total and utter bs. The population of Dearborn has been half and hal...
a0tD4hmswz4,Dearborn Mayor Says Muslims Are ABOVE Assimilation,comment,False,bs,bullshit,profanity,1,Do not send taxpayers money for any of their BS
aKKtJpIz02g,They Were BEGGING For Him To Be White,comment,False,in jail,banned/suspended,platform_moderation,1,...of the 70 year old ladies democrats wanted to put in jail for life over trespassing on public property.
aKKtJpIz02g,They Were BEGGING For Him To Be White,comment,False,accountable,cancelled,other,1,...essential for you to have a guardian to keep you accountable. Im guided by Katie Harris
aKKtJpIz02g,They Were BEGGING For Him To Be White,comment,False,accountable,cancelled,other,1,"...Islamic ""terrorists"". So he admits the ones held accountable were, in fact, terrorists."
aKKtJpIz02g,They Were BEGGING For Him To Be White,comment,False,bs,bullshit,profanity,1,Jasmine Crochett is the biggest spreader of the bs because she knows leftists don't care about the t...
aKKtJpIz02g,They Were BEGGING For Him To Be White,comment,False,sh*t,shit,profanity,1,"I don't give a sh*t what he looks like, or what he ""claims"" he suppor..."
aKKtJpIz02g,They Were BEGGING For Him To Be White,comment,False,bs,bullshit,profanity,1,...eeks after someone accused a CIA employee. I call BS
aKKtJpIz02g,They Were BEGGING For Him To Be White,comment,False,accountable,cancelled,other,1,...e people pushing the lies need to be held legally accountable.
aKKtJpIz02g,They Were BEGGING For Him To Be White,comment,False,bs,bullshit,profanity,1,"...nyone else sick and tired of youtube posting that BS Wikipedia article saying ""Trump"" orchestrated a c..."
aKKtJpIz02g,They Were BEGGING For Him To Be White,comment,False,bs,bullshit,profanity,1,...n asset for the dems at the time to report on the BS pipebombs to SUGGEST they were placed by a Trump...
aV5e5xbnqiw,Marx on the Individual Part 2/2 | Weekend Podcast ,transcript,True,accountable,cancelled,other,1,...that marx envisioned they should be kind of held accountable yeah and so so that in in marx's view right so th...
bLTgFZi-0Z8,Tech Giants FIRE Woke Employees,transcript,True,the big D,depression,other,3,...ell you something I was just laid off today um by the Big Daddy G that engineering software tool that everybo...
bLTgFZi-0Z8,Tech Giants FIRE Woke Employees,transcript,True,the big D,depression,other,3,...worked some superficial position at what he calls the Big Daddy G I was just laid off today um by the Big Dad...
bLTgFZi-0Z8,Tech Giants FIRE Woke Employees,transcript,True,the big D,depression,other,3,...s the Big Daddy G I was just laid off today um by the Big Daddy G look I don't know maybe look there's comput...
bLTgFZi-0Z8,Tech Giants FIRE Woke Employees,comment,False,in jail,banned/suspended,platform_moderation,1,"...d ever filmed myself doing autopsy repair, I'd be in jail."
bLTgFZi-0Z8,Tech Giants FIRE Woke Employees,comment,False,sht,shit,profanity,1,@awoundedhealer2781 hmm.. a lot of Bull sht jobs in those places. I bet they have all kinds o...
bLTgFZi-0Z8,Tech Giants FIRE Woke Employees,comment,False,accountable,cancelled,other,1,...of-darkness-the-demonof course. Why hold yourself accountable? Can‚Äôt do that!
bLTgFZi-0Z8,Tech Giants FIRE Woke Employees,comment,False,accountable,cancelled,other,1,"...k to those CEOs, and tell them to hold themselves accountable first, because they can't do that either"
bLTgFZi-0Z8,Tech Giants FIRE Woke Employees,comment,False,bs,bullshit,profanity,1,"...ut, for example, a local plant closing because of BS environmental regulations. Was my first and only..."
bLTgFZi-0Z8,Tech Giants FIRE Woke Employees,comment,False,the algorithm,content moderation system,other,1,@icedriver2207 it's baked into the algorithm and ai.
bLTgFZi-0Z8,Tech Giants FIRE Woke Employees,comment,False,bs,bullshit,profanity,1,"...e tech industry, never studied coding or whatever BS marketing concepts these people studied then go o..."
bLTgFZi-0Z8,Tech Giants FIRE Woke Employees,comment,False,bs,bullshit,profanity,1,"...go all out/full retard and bought into that toxic bs. Now they‚Äôre all losing money, they took a guy wi..."
bLTgFZi-0Z8,Tech Giants FIRE Woke Employees,comment,False,sht,shit,profanity,1,Cuz she doesn't do sht
bLTgFZi-0Z8,Tech Giants FIRE Woke Employees,comment,False,in jail,banned/suspended,platform_moderation,1,...h of sexist comments about how all men need to be in jail for being men and all men bad and society is ok w...
bLTgFZi-0Z8,Tech Giants FIRE Woke Employees,comment,False,fck,fuck,profanity,1,sending a dmb fck to recurite someone is idiotic as real talent is...
bLTgFZi-0Z8,Tech Giants FIRE Woke Employees,comment,False,bs,bullshit,profanity,1,"...lls are the ability to sell someone the idea that BS is a premium fertilizer, and have them so convinc..."
bLTgFZi-0Z8,Tech Giants FIRE Woke Employees,comment,False,bs,bullshit,profanity,1,...said that are probably not overly impressed with BS artists.
bLTgFZi-0Z8,Tech Giants FIRE Woke Employees,comment,False,bs,bullshit,profanity,1,"...agueofotters2774 Gaming the system does not equal BS artist.  If you are white, straight and male... l..."
bLTgFZi-0Z8,Tech Giants FIRE Woke Employees,comment,False,bs,bullshit,profanity,1,@Kraken9911 I only have a BS in Mechanical Engineering. As far as math classes...
eLBfjvzPUP4,Men For Kamala Ad Is The WORST,comment,False,the algorithm,content moderation system,other,1,"The algorithm keeps deleting my response. Two words: ""sympathet..."
eLBfjvzPUP4,Men For Kamala Ad Is The WORST,comment,False,unaliving,killing/dying,violence_death,1,...reat even!  Where is the line to queue up for the unaliving booth? üòûüòî
e_CfPQ8znRE,Jussie Smollett Convicted Of HOAX,comment,False,bs,bullshit,profanity,1,...convince a judge that she honestly believes that bs. Unlikely.
e_CfPQ8znRE,Jussie Smollett Convicted Of HOAX,comment,False,in jail,banned/suspended,platform_moderation,1,"...ll, his story would be putting the two other guys in jail for assault, pretty serious."
e_CfPQ8znRE,Jussie Smollett Convicted Of HOAX,comment,False,effing,fucking,profanity,1,That clip if Anna is so effing funny! I bet she hates that clip and wishes she h...
ewr-XBZwyzA,Minnesota Judge Says Somalis Have A RIGHT TO STEAL,comment,False,unalived,killed/died,violence_death,1,"Or unalived, like they do to each other...mostly by starvatio..."
ewr-XBZwyzA,Minnesota Judge Says Somalis Have A RIGHT TO STEAL,comment,False,in jail,banned/suspended,platform_moderation,1,"...few rare cases,  no judges or politicians end up in jail even if they are corrupted. That's the statu-quo..."
ewr-XBZwyzA,Minnesota Judge Says Somalis Have A RIGHT TO STEAL,comment,False,accountable,cancelled,other,1,"UNTIL THEY ARE HELD ACCOUNTABLE IN ONE WAY OR ANOTHER, IT WILL CONTINUE, TAKE THI..."
ewr-XBZwyzA,Minnesota Judge Says Somalis Have A RIGHT TO STEAL,comment,False,in jail,banned/suspended,platform_moderation,1,The judge needs to be fired and put in jail
ewr-XBZwyzA,Minnesota Judge Says Somalis Have A RIGHT TO STEAL,comment,False,accountable,cancelled,other,1,...nd over by criminal judges. Judges should be held accountable for these kinds of decisions.
ewr-XBZwyzA,Minnesota Judge Says Somalis Have A RIGHT TO STEAL,comment,False,sht,shit,profanity,1,Banana republic sht. Completely out in the open and we cant do anythi...
ewr-XBZwyzA,Minnesota Judge Says Somalis Have A RIGHT TO STEAL,comment,False,in jail,banned/suspended,platform_moderation,1,Throw that judge out of office and maybe in jail.
ewr-XBZwyzA,Minnesota Judge Says Somalis Have A RIGHT TO STEAL,comment,False,accountable,cancelled,other,1,Unless the people themselves hold these judges accountable this is never going to stop.
ewr-XBZwyzA,Minnesota Judge Says Somalis Have A RIGHT TO STEAL,comment,False,accountable,cancelled,other,1,How would they hold them accountable? Someone throwing years of their life and what li...
ewr-XBZwyzA,Minnesota Judge Says Somalis Have A RIGHT TO STEAL,comment,False,accountant,sex worker,sexual,1,Time for a forensic accountant to review her bank accounts and financial stateme...
ewr-XBZwyzA,Minnesota Judge Says Somalis Have A RIGHT TO STEAL,comment,False,bs,bullshit,profanity,1,...hese judges have to be held accountable for their bs
ewr-XBZwyzA,Minnesota Judge Says Somalis Have A RIGHT TO STEAL,comment,False,accountable,cancelled,other,1,These judges have to be held accountable for their bs
ewr-XBZwyzA,Minnesota Judge Says Somalis Have A RIGHT TO STEAL,comment,False,accountable,cancelled,other,1,...tart holding these liberal judges and prosecutors accountable for THEIR actions
ewr-XBZwyzA,Minnesota Judge Says Somalis Have A RIGHT TO STEAL,comment,False,bs,bullshit,profanity,1,"...he needs to be investigated immediately, and this BS needs to be nipped in the bud ASAP!!"
ewr-XBZwyzA,Minnesota Judge Says Somalis Have A RIGHT TO STEAL,comment,False,accountable,cancelled,other,1,...idiculous. When will these corrupt judges be held accountable? It‚Äôs truly unbelievable what‚Äôs happening to our...
ewr-XBZwyzA,Minnesota Judge Says Somalis Have A RIGHT TO STEAL,comment,False,bs,bullshit,profanity,1,"Even if Trump won the BS hush case, that judge would have thrown out the v..."
ggFJ_kpqhUs,Cenk's EPIC Tim Pool Meltdown Live Reaction With @,transcript,True,the algorithm,content moderation system,other,1,...yt videos like in my edits for fun not to be like the algorithm like John Oliver you know Warner Brothers is noto...
ggFJ_kpqhUs,Cenk's EPIC Tim Pool Meltdown Live Reaction With @,transcript,True,timeout,banned,platform_moderation,1,...her it's Jank timpoole whoever put that person in timeout if they keep doing it kick them off I'm not like...
ggFJ_kpqhUs,Cenk's EPIC Tim Pool Meltdown Live Reaction With @,comment,False,spicy,sexual,other,1,@ZackarySchejbalCODBO2RGM2 very spicy take üå∂  Also‚Ä¶32:56 is the money shot. The right w...
ggFJ_kpqhUs,Cenk's EPIC Tim Pool Meltdown Live Reaction With @,comment,False,unaliving,killing/dying,violence_death,1,...which couldn‚Äôt happen if she went and was accused unaliving herself
hUYprCCnAnE,Woke Artist DEMANDS You Worship Black Women,comment,False,lucy,LSD,drugs,1,"""Lucy, I'm home!  You've got some 'splaning to do!"" üòÇ"
hUYprCCnAnE,Woke Artist DEMANDS You Worship Black Women,comment,False,corn,porn,sexual,1,"...flect upon, the affects of too much high fructose corn-syrup in the diet?"
hUYprCCnAnE,Woke Artist DEMANDS You Worship Black Women,comment,False,bs,bullshit,profanity,1,...much better than overly sensualized typical trope bs of american historical movies. Ofc there are very...
hUYprCCnAnE,Woke Artist DEMANDS You Worship Black Women,comment,False,bs,bullshit,profanity,1,...y does the statue look like it‚Äôs going to start a BS ‚Äúmovement‚Äù and then instead of helping anybody th...
hUYprCCnAnE,Woke Artist DEMANDS You Worship Black Women,comment,False,unaliving,killing/dying,violence_death,1,More like the elephant in the room slowly [unaliving] us all.
hUYprCCnAnE,Woke Artist DEMANDS You Worship Black Women,comment,False,sh*t,shit,profanity,1,...fessional boxer and kickboxer who beat the living sh*t out of serial killer Lonnie David Franklin Jr. ak...
iMf3SV6aHNY,12 Year Old Arrested For Hate Crime,transcript,True,snow,cocaine,drugs,1,...teful criminals prayers we have been blanketed in snow I'm Sean Fitzgerald for the actual Justice Warrio...
iMf3SV6aHNY,12 Year Old Arrested For Hate Crime,comment,False,in jail,banned/suspended,platform_moderation,1,...ear old with chalk...hes dangerous! give him life in jail.
iMf3SV6aHNY,12 Year Old Arrested For Hate Crime,comment,False,in jail,banned/suspended,platform_moderation,1,...uman being. They're the ones who should be thrown in jail and the kid should be given to the state for repr...
jSSU1QUAAlQ,Why SJW Characters Fail,comment,False,bs,bullshit,profanity,1,...k panther being about black lives matter  America bs
jSSU1QUAAlQ,Why SJW Characters Fail,comment,False,the big D,depression,other,1,Women are too emotional..what's the big deal
mz7hhS-z-SU,AOC DECLARES WAR On Young White Men,comment,False,bs,bullshit,profanity,1,...al brown woman DEMANDING to dominate me. Bunch of BS
mz7hhS-z-SU,AOC DECLARES WAR On Young White Men,comment,False,bs,bullshit,profanity,1,...whitey. They don't even believe any of their own bs.
mz7hhS-z-SU,AOC DECLARES WAR On Young White Men,comment,False,unalive,kill/suicide/dead,violence_death,1,"...bombing Tesla cars and buildings, threatening to unalive Supreme Court justices, shooting at ICE officers,..."
mz7hhS-z-SU,AOC DECLARES WAR On Young White Men,comment,False,unalive,kill/suicide/dead,violence_death,1,What the fuck does unalive mean stop speaking newspeak.
mz7hhS-z-SU,AOC DECLARES WAR On Young White Men,comment,False,unalive,kill/suicide/dead,violence_death,1,@igrvks  unalive means killing or murdering
mz7hhS-z-SU,AOC DECLARES WAR On Young White Men,comment,False,unalive,kill/suicide/dead,violence_death,1,"...iteTactical Yeah no shit, there is no need to use unalive as if its somehow insensitive to say kill."
mz7hhS-z-SU,AOC DECLARES WAR On Young White Men,comment,False,unalive,kill/suicide/dead,violence_death,1,"...o what the actual fuck does it accomplish to use ""unalive"" instead of ""kill"" in the eyes of muh AI police?"
mz7hhS-z-SU,AOC DECLARES WAR On Young White Men,comment,False,bs,bullshit,profanity,1,...y as well.  The problem is you want to force your BS onto the entire nation.
mz7hhS-z-SU,AOC DECLARES WAR On Young White Men,comment,False,bs,bullshit,profanity,1,"I‚Äôm tired of the white hate, male hate BS."
mz7hhS-z-SU,AOC DECLARES WAR On Young White Men,comment,False,bs,bullshit,profanity,1,...ion of influence and feeding young women complete BS.
mz7hhS-z-SU,AOC DECLARES WAR On Young White Men,comment,False,accountant,sex worker,sexual,1,I'm an accountant who worked as a controller for a few different co...
mz7hhS-z-SU,AOC DECLARES WAR On Young White Men,comment,False,bs,bullshit,profanity,2,"...wish I would've confronted these persons on their BS (in a assertive way, of course. )  So at some poi..."
mz7hhS-z-SU,AOC DECLARES WAR On Young White Men,comment,False,bs,bullshit,profanity,2,...ll a spade a spade ‚ô†Ô∏è  and call them out on their BS. And don't let them convince you that you're the...
mz7hhS-z-SU,AOC DECLARES WAR On Young White Men,comment,False,bs,bullshit,profanity,1,...acist because it's not systemic. Just more racist BS
mz7hhS-z-SU,AOC DECLARES WAR On Young White Men,comment,False,bs,bullshit,profanity,1,That girl with the eyeglass believe in that bs AOC is spittingüòÇüòÇüòÇ
mz7hhS-z-SU,AOC DECLARES WAR On Young White Men,comment,False,bs,bullshit,profanity,1,...be the only one fed tf up with this cat and mouse bs
oL8mThS1BeE,Marx on the Individual Part 1/2 | Weekend Podcast ,transcript,True,grape,rape,sexual,2,...the uh the prostitute monkey then exchanged for a grape this profession it truly is so interesting what t...
oL8mThS1BeE,Marx on the Individual Part 1/2 | Weekend Podcast ,transcript,True,grape,rape,sexual,2,...realize that this is a cucumber i'd rather have a grape right and then they're like well actually it's a...
oLtzh4xP9SE,Woke Asians DESTROYED On Vice Panel,comment,False,supplements,drugs (general),drugs,1,...hey here on a work or school Visa.. uh huh IODINE supplements will do that & MORE.
oLtzh4xP9SE,Woke Asians DESTROYED On Vice Panel,comment,False,f*ck,fuck,profanity,1,"...n the middle of a hurricane. You can't have this ""f*ck society"" attitude and expect civility to follow."
oLtzh4xP9SE,Woke Asians DESTROYED On Vice Panel,comment,False,bs,bullshit,profanity,1,"...so called ""mild racism"" (inflated hyperbolic woke bs) are the same ones who' spew the most bigoted, ra..."
oLtzh4xP9SE,Woke Asians DESTROYED On Vice Panel,comment,False,bs,bullshit,profanity,1,...race for college admissions or affirmative action BS. Everyone should be able to agree those are liter...
oLtzh4xP9SE,Woke Asians DESTROYED On Vice Panel,comment,False,accountant,sex worker,sexual,1,"@Alex Garner stereotypes are true, if i want an accountant, I WILL look favourably on 'typical' asians or Je..."
oTWZXQv0PyM,Chicago Mayor Blames Whites For Black On White Cri,transcript,True,in jail,banned/suspended,platform_moderation,1,...this guy who set her on fire is going to be held in jail pre-trial before she gets out of the hospital. Li...
oTWZXQv0PyM,Chicago Mayor Blames Whites For Black On White Cri,comment,False,accountable,cancelled,other,1,"...a detergent, and still commit crimes and be held accountable isn't a failure of incarceration. It's a failure..."
oTWZXQv0PyM,Chicago Mayor Blames Whites For Black On White Cri,comment,False,f*ck,fuck,profanity,2,"...at the  hell is wrong with the voters in Chicago? F*ck that city, and f*ck that State."
oTWZXQv0PyM,Chicago Mayor Blames Whites For Black On White Cri,comment,False,f*ck,fuck,profanity,2,"...g with the voters in Chicago? F*ck that city, and f*ck that State."
oTWZXQv0PyM,Chicago Mayor Blames Whites For Black On White Cri,comment,False,sh*t,shit,profanity,1,...of Chicago will be even worse than this piece if sh*t. What the  hell is wrong with the voters in Chica...
oTWZXQv0PyM,Chicago Mayor Blames Whites For Black On White Cri,comment,False,in jail,banned/suspended,platform_moderation,1,Its racist to put black people in jail for commiting crimes. I cant make that make sense...
oTWZXQv0PyM,Chicago Mayor Blames Whites For Black On White Cri,comment,False,de@th,death,violence_death,1,Or st@b girls to de@th on public transport.
oTWZXQv0PyM,Chicago Mayor Blames Whites For Black On White Cri,comment,False,accountable,cancelled,other,1,...n gasoline and set on fire? People should be held accountable for their actions not ancestors
oTWZXQv0PyM,Chicago Mayor Blames Whites For Black On White Cri,comment,False,shadow realm,shadowbanned,platform_moderation,1,...rrests they only place for that individual is the shadow realm.
oTWZXQv0PyM,Chicago Mayor Blames Whites For Black On White Cri,comment,False,in jail,banned/suspended,platform_moderation,1,...rts is that if it were a white guy he‚Äôd have been in jail for years  after his 3d or 4th arrest and we ALL...
oTWZXQv0PyM,Chicago Mayor Blames Whites For Black On White Cri,comment,False,in jail,banned/suspended,platform_moderation,1,I got 6 months in jail in Sacramento California for stealing a pack of w...
oTWZXQv0PyM,Chicago Mayor Blames Whites For Black On White Cri,comment,False,in jail,banned/suspended,platform_moderation,1,...n steal $899 10 times per day and not spend a day in jail.
oTWZXQv0PyM,Chicago Mayor Blames Whites For Black On White Cri,comment,False,accountable,cancelled,other,1,"...holding these slacktivist judges and politicians accountable for their accessory to these crimes, nothing will..."
oTWZXQv0PyM,Chicago Mayor Blames Whites For Black On White Cri,comment,False,accountable,cancelled,other,1,...en killed than admit criminals deserve to be held accountable for their actions
oTWZXQv0PyM,Chicago Mayor Blames Whites For Black On White Cri,comment,False,accountable,cancelled,other,1,...eyre trying to cope instead of holding themselves accountable. Also one guy named killwhitey or something repor...
oTWZXQv0PyM,Chicago Mayor Blames Whites For Black On White Cri,comment,False,sh*t,shit,profanity,1,"...se until you do, just saying I am wrong mean jack sh*t. I can post my sources, let us see yours."
oTWZXQv0PyM,Chicago Mayor Blames Whites For Black On White Cri,comment,False,accountable,cancelled,other,1,...al accountability law right now. judges should be accountable for blatant disregard for the public.
oTWZXQv0PyM,Chicago Mayor Blames Whites For Black On White Cri,comment,False,in jail,banned/suspended,platform_moderation,1,no one in jail has ever assaulted the public üòê
oTWZXQv0PyM,Chicago Mayor Blames Whites For Black On White Cri,comment,False,accountable,cancelled,other,1,...rain. They 're all responsible and should be held accountable.
oTWZXQv0PyM,Chicago Mayor Blames Whites For Black On White Cri,comment,False,in jail,banned/suspended,platform_moderation,1,...ty but lose their place and job because they were in jail on remand.
oTWZXQv0PyM,Chicago Mayor Blames Whites For Black On White Cri,comment,False,unalived,killed/died,violence_death,1,...ng antifa worldwide we must stop it Johnson needs unalived the democrat party no longer exists in the US it'...
oTWZXQv0PyM,Chicago Mayor Blames Whites For Black On White Cri,comment,False,in jail,banned/suspended,platform_moderation,1,...'t even have to commit a crime nowadays to end up in jail or prison. There are hundreds of videos of false...
oTWZXQv0PyM,Chicago Mayor Blames Whites For Black On White Cri,comment,False,in jail,banned/suspended,platform_moderation,1,...don't get that arresting people and putting them in jail is to protect the rest of the population.
oTWZXQv0PyM,Chicago Mayor Blames Whites For Black On White Cri,comment,False,in jail,banned/suspended,platform_moderation,1,Criminals can‚Äôt commit crimes if they are in jail. Literally the strongest alibi.
oTWZXQv0PyM,Chicago Mayor Blames Whites For Black On White Cri,comment,False,accountable,cancelled,other,2,"If bars can be held accountable for serving to much alcohol, how the F can't judg..."
oTWZXQv0PyM,Chicago Mayor Blames Whites For Black On White Cri,comment,False,accountable,cancelled,other,2,"...much alcohol, how the F can't judges not be held  accountable..   ?"
oTWZXQv0PyM,Chicago Mayor Blames Whites For Black On White Cri,comment,False,in jail,banned/suspended,platform_moderation,1,"This idiot needs to be in jail, himself."
oTWZXQv0PyM,Chicago Mayor Blames Whites For Black On White Cri,comment,False,no money,demonetized,platform_moderation,1,Chicago has no money. Why bother to sue?
pS0ZFhu0oq8,"Well, Well, Well, if It Isn‚Äôt the Consequences of ",transcript,True,in jail,banned/suspended,platform_moderation,1,...m far right exactly uh scum scum um he's probably in jail right now because he posted something on Facebook...
qql0BuorL3g,Joe Rogan Destroys Adam Ruins Everything,comment,False,bs,bullshit,profanity,1,...r66 which should incur a criminal charge not some BS definition of child abuse such as there are now w...
qql0BuorL3g,Joe Rogan Destroys Adam Ruins Everything,comment,False,snow,cocaine,drugs,1,"...wear their tennis shoes to walk to school in the snow. I decided to forgo the frostbite, and MADE THEM..."
qql0BuorL3g,Joe Rogan Destroys Adam Ruins Everything,comment,False,vitamins,drugs (general),drugs,1,"...them to brush their teeth properly, or take their vitamins without being told.  What makes *anyone* think th..."
sqyImQApqDs,Biden CRASHES & BURNS,comment,False,bs,bullshit,profanity,1,...u people _ostensibly_ know better than anyone how BS such a conviction can be.
sqyImQApqDs,Biden CRASHES & BURNS,comment,False,grape,rape,sexual,1,"...the old ""we need abortion because soooo many dads grape their own daughter"". Its disgusting and they want..."
sqyImQApqDs,Biden CRASHES & BURNS,comment,False,bs,bullshit,profanity,1,"...ther a straight up lie, a misrepresentation, some BS he's been saying for years that's long been prove..."
sqyImQApqDs,Biden CRASHES & BURNS,comment,False,bs,bullshit,profanity,1,...medical interventions. Just like all this gender BS. They conflate fraud with real issues to inject e...
sqyImQApqDs,Biden CRASHES & BURNS,comment,False,bs,bullshit,profanity,1,...eing soft and then they get easily manipulated by BS to be soft too. Biden deserves nothing less than...
uwXrxhYaAxs,Mamdani Pledges To DESTROY New York,comment,False,bs,bullshit,profanity,1,‚Äã@InfecTions-m2p3v don't you dare bring your bs to a red state when you flee communism...
uwXrxhYaAxs,Mamdani Pledges To DESTROY New York,comment,False,SA'd,sexually assaulted,other,1,"...e getting beaten, mutilated, maimed, and yes even SA'd.......to death. But who's fault is it REALLY?   E..."
uwXrxhYaAxs,Mamdani Pledges To DESTROY New York,comment,False,timeout,banned,platform_moderation,1,‚Äã@OreoVII Timeout. Everyone in the US that identifies as a leftist...
uwXrxhYaAxs,Mamdani Pledges To DESTROY New York,comment,False,fck,fuck,profanity,1,"...UE state got a super fckin Left Wing Mayor,so the Fck what!"
uwXrxhYaAxs,Mamdani Pledges To DESTROY New York,comment,False,grape,rape,sexual,1,...h. We'd rather have neither. But if he's going to grape the city (which he will - he's part of the (D)eat...
uwXrxhYaAxs,Mamdani Pledges To DESTROY New York,comment,False,the algorithm,content moderation system,other,2,It‚Äôs because of the algorithm. If you don‚Äôt know where to start the algorithm s...
uwXrxhYaAxs,Mamdani Pledges To DESTROY New York,comment,False,the algorithm,content moderation system,other,2,...f the algorithm. If you don‚Äôt know where to start the algorithm shall surely guide thee and we all know about You...
uwXrxhYaAxs,Mamdani Pledges To DESTROY New York,comment,False,k!ll,kill,violence_death,1,"...he country.'  TDS, yes. Republicans didn't try to K!LL Biden, Obama, or Bush...three separate times. But..."
uwXrxhYaAxs,Mamdani Pledges To DESTROY New York,comment,False,sht,shit,profanity,1,...violence they support as long as they're or their sht isn't the target.  Then when they fall victim to...
uwXrxhYaAxs,Mamdani Pledges To DESTROY New York,comment,False,effing,fucking,profanity,1,...d religion has a tendency to be violent. Read the effing quran.
v_-wUiVtKVE,Debating Sam Seder On Crime,transcript,True,in jail,banned/suspended,platform_moderation,4,...e could do was laugh uh Sean put repeat offenders in jail Sam uh Sam put more people in jail Sam is such a...
v_-wUiVtKVE,Debating Sam Seder On Crime,transcript,True,in jail,banned/suspended,platform_moderation,4,...peat offenders in jail Sam uh Sam put more people in jail Sam is such a disingenuous right yeah I mean I I...
v_-wUiVtKVE,Debating Sam Seder On Crime,transcript,True,in jail,banned/suspended,platform_moderation,4,...put the same the people who were repeat offending in jail and he was like again it's like asking for specif...
v_-wUiVtKVE,Debating Sam Seder On Crime,transcript,True,the big D,depression,other,1,...coming on um uh are you are you happy oh yeah on the big debate and I think it's uh thank you for having the...
v_-wUiVtKVE,Debating Sam Seder On Crime,comment,False,accountable,cancelled,other,1,...n excuse for crime to hold those responsible less accountable. Thats so unfair because we all suffered from the...
v_-wUiVtKVE,Debating Sam Seder On Crime,comment,False,effing,fucking,profanity,1,@JoseVelazquez-su5nmvaush and lance are effing morons compared to Sam. Lance is a little girl lo...
v_-wUiVtKVE,Debating Sam Seder On Crime,comment,False,le sad,depression,mental_health,1,...ice state when crime is at historic lows. You little sad snowflake cry baby that wants to give the governm...
v_-wUiVtKVE,Debating Sam Seder On Crime,comment,False,bs,bullshit,profanity,1,"...why people retire early. Which is insane, I call BS on that one. Even the 'budget cuts cause early re..."
v_-wUiVtKVE,Debating Sam Seder On Crime,comment,False,in jail,banned/suspended,platform_moderation,1,...nd the world even more by not putting more people in jail... hasn't sean talked about this? why are all you...
v_-wUiVtKVE,Debating Sam Seder On Crime,comment,False,in jail,banned/suspended,platform_moderation,1,...a is undeniable evidence that putting more people in jail creates more repeat offenders. that's why america...
v_-wUiVtKVE,Debating Sam Seder On Crime,comment,False,in jail,banned/suspended,platform_moderation,1,...the worst crime and you think putting more people in jail is the answer. it's ridiculously stupid.
v_-wUiVtKVE,Debating Sam Seder On Crime,comment,False,bs,bullshit,profanity,1,@mania4270 how do you know what he says is bs when he is not allowed to finish his line of argu...
v_-wUiVtKVE,Debating Sam Seder On Crime,comment,False,bs,bullshit,profanity,1,...t Sam have an opening to try and paint him with a BS brush.   Well done.
v_-wUiVtKVE,Debating Sam Seder On Crime,comment,False,accountable,cancelled,other,1,...y representatives who in turn themselves are held accountable through a separation of power.  This is the basis...
v_-wUiVtKVE,Debating Sam Seder On Crime,comment,False,graped,raped,sexual,1,"...the crime it prevented further sheep from getting graped. The concept heavily applies to gangs, mafia, car..."
v_-wUiVtKVE,Debating Sam Seder On Crime,comment,False,bs,bullshit,profanity,1,...ws how to make the other debater reveal their own bs.
v_-wUiVtKVE,Debating Sam Seder On Crime,comment,False,in jail,banned/suspended,platform_moderation,1,...bing Walgreens. Because they're rich. Putting ppl in jail does nothing but give free labor to private busin...
v_-wUiVtKVE,Debating Sam Seder On Crime,comment,False,in jail,banned/suspended,platform_moderation,1,...olice those violent blacks! You got to throw them in jail to stop them!   Whoa whoa whoa! This guy never ou...
v_-wUiVtKVE,Debating Sam Seder On Crime,comment,False,sht,shit,profanity,1,...really don't think you have any room for talking sht friend
v_-wUiVtKVE,Debating Sam Seder On Crime,comment,False,bs,bullshit,profanity,1,"...re alluding to some kind of police racism, that's BS. When you calculate per arrest, whites are more l..."
vcquD2J462o,Krystal Ball Wants Sydney Sweeney DESTROYED,comment,False,snow,cocaine,drugs,1,literally snow white ... i guess that's why they tried to ruin i...
vcquD2J462o,Krystal Ball Wants Sydney Sweeney DESTROYED,comment,False,bobs,breasts,sexual,1,...button up top that was unbuttoned just below her bobs down.
vjpwKvjmxiw,TYT RAGES At AOC,comment,False,bs,bullshit,profanity,1,Excellent point. Chunky Kong is always full of BS and double standards.
vjpwKvjmxiw,TYT RAGES At AOC,comment,False,bs,bullshit,profanity,1,‚Äã@jasminehouston-burns1691There was so much BS swirling about that it's hard to tell. I speculat...
vjpwKvjmxiw,TYT RAGES At AOC,comment,False,bs,bullshit,profanity,1,...sing and trying to shut down free speech. Cut the bs
vjpwKvjmxiw,TYT RAGES At AOC,comment,False,sh*t,shit,profanity,1,"...d exploitation of someone with senility. Shameful sh*t from the democrats, but I guess they don't want t..."
vjpwKvjmxiw,TYT RAGES At AOC,comment,False,bs,bullshit,profanity,1,...con Obama will be made president again under some BS emergency power the dems pell out their butt.
vjpwKvjmxiw,TYT RAGES At AOC,comment,False,bs,bullshit,profanity,1,...con Obama will be made president again under some BS emergency act by the dems
vjpwKvjmxiw,TYT RAGES At AOC,comment,False,sh*t,shit,profanity,1,"...den is too pro-Israel, he‚Äôs really gonna lose his sh*t if Trump gets back in office ü§£"
w33BJ04LqaE,NYPD Illegally Hired CRIMINALS To Be Cops,comment,False,sh*t,shit,profanity,1,There‚Äôs an old saying ‚ÄòSh*t rolls downhill!!!!‚Äô Corruption in NYC runs Deep!!...
w33BJ04LqaE,NYPD Illegally Hired CRIMINALS To Be Cops,comment,False,bs,bullshit,profanity,1,@NightMotorcyclistsuch BS!!! I hope you sue the MTA
w33BJ04LqaE,NYPD Illegally Hired CRIMINALS To Be Cops,comment,False,bs,bullshit,profanity,1,...en worth having any properties in NY‚Ä¶this is such bs when will these f liberals learn
wUW-yPF86Ag,Ghetto TRASH Mom ATTACKS High School Girl,transcript,True,in jail,banned/suspended,platform_moderation,1,...oing to charge you something in order to keep you in jail for a little while to make sure you return to cou...
wUW-yPF86Ag,Ghetto TRASH Mom ATTACKS High School Girl,comment,False,self delete,suicide,violence_death,1,"...""tuch muh PP"" good-guy that does nothing.  Please self delete, you are the problem."
wUW-yPF86Ag,Ghetto TRASH Mom ATTACKS High School Girl,comment,False,in jail,banned/suspended,platform_moderation,1,...nd dollars in damages and simply received 30 days in jail and she was ordered to pay restitution for the 45...
wUW-yPF86Ag,Ghetto TRASH Mom ATTACKS High School Girl,comment,False,graping,raping,sexual,1,"Too busy ""graping"" White women"
wUW-yPF86Ag,Ghetto TRASH Mom ATTACKS High School Girl,comment,False,bs,bullshit,profanity,1,...bly got charged with ‚Äúoffensive touching‚Äù or some BS like that.
wUW-yPF86Ag,Ghetto TRASH Mom ATTACKS High School Girl,comment,False,in jail,banned/suspended,platform_moderation,1,Their daddies are in jail. They don't wanna raise no keedz.
wUW-yPF86Ag,Ghetto TRASH Mom ATTACKS High School Girl,comment,False,n-word,racial slur,other,1,‚Äã@auschwitzsoccercoachIt has evolved to N-Word Nausea.
wUW-yPF86Ag,Ghetto TRASH Mom ATTACKS High School Girl,comment,False,sh*t,shit,profanity,1,...w many frickin times do you need to post the same sh*t!!!!!!!!
wUW-yPF86Ag,Ghetto TRASH Mom ATTACKS High School Girl,comment,False,the n word,racial slur,other,1,"She called her the N Word, so this must be a HATE CRIME"
wUW-yPF86Ag,Ghetto TRASH Mom ATTACKS High School Girl,comment,False,unaliving,killing/dying,violence_death,1,"There was an attempted unaliving on the lynbrook LIRR platform last week, 20 year..."
zUqo1s2P8zY,Fake Judge FREED Iryna Zarutska's Killer,comment,False,bs,bullshit,profanity,1,"...e're done with the ""that person was mentally ill"" bs. We all know how blks feel about Whites. It's bee..."
zUqo1s2P8zY,Fake Judge FREED Iryna Zarutska's Killer,comment,False,accountable,cancelled,other,1,...ing to actually hold these judges and politicians accountable for killing innocent people by proxy?
zUqo1s2P8zY,Fake Judge FREED Iryna Zarutska's Killer,comment,False,unalived,killed/died,violence_death,1,I'm so over children being unalived in Palestine and people supporting and defending...
zUqo1s2P8zY,Fake Judge FREED Iryna Zarutska's Killer,comment,False,accountable,cancelled,other,1,The Judge(s) need to be held accountable for the actions of criminals they release.
zUqo1s2P8zY,Fake Judge FREED Iryna Zarutska's Killer,comment,False,unalived,killed/died,violence_death,1,...ence from england. protecting foot soldiers who'd unalived innocent people. we're back where we started.
zUqo1s2P8zY,Fake Judge FREED Iryna Zarutska's Killer,comment,False,accountable,cancelled,other,1,"...g though. if the system refuses to hold criminals accountable, then people will deal out justice on different t..."
zUqo1s2P8zY,Fake Judge FREED Iryna Zarutska's Killer,comment,False,accountable,cancelled,other,1,...s should lose their judicial immunity and be held accountable
zUqo1s2P8zY,Fake Judge FREED Iryna Zarutska's Killer,comment,False,accountable,cancelled,other,1,...who constantly release criminals need to be held accountable. They caused this. No one helped her.
zUqo1s2P8zY,Fake Judge FREED Iryna Zarutska's Killer,comment,False,accountable,cancelled,other,1,"...ainst politicians they disagree with are not held accountable, and we end up with people like Charlie Kirk figh..."
zUqo1s2P8zY,Fake Judge FREED Iryna Zarutska's Killer,comment,False,accountable,cancelled,other,1,Start holding these judges accountable for the mayhem.
