video_id,title,channel_name,ad_status,sw_violence_death,sw_sexual_content,sw_profanity,sw_drugs_substances,sw_hate_speech_slurs,sw_mental_health,sw_political_controversial,sw_weapons_military,sw_coded_numbers,sw_total,as_drugs,as_mental_health,as_other,as_platform_moderation,as_profanity,as_sexual,as_violence_death,as_weapons,as_total
-1ZbQO_VR4o,Interview w/ Professor Tim Orr: On The Charge of the First Minnesota. - Part. 2.,midwesternmarx,Yes,15,1,3,0,1,2,33,8,0,63,0,0,0,0,0,0,0,0,0
-3AwS2USPhM,Carlos Garrido on the ACP and the US | Marx Engels Lenin Institute,midwesternmarx,Yes,22,0,6,0,15,0,21,2,0,66,0,0,1,0,0,0,0,0,1
-5cp4L8pIG8,,,Yes,15,0,5,0,0,0,1,1,0,22,0,0,0,0,0,0,0,0,0
-8Ui4ptkDgc,"A Chat With Industrial Worker and Union Member, Steve Meier",midwesternmarx,Yes,5,1,0,0,1,0,17,0,0,24,0,0,0,0,0,0,0,0,0
-BGePMlXfLQ,People teach this?!,Shadiversity,No,4,0,4,0,0,0,6,1,0,15,0,0,0,0,0,0,0,0,0
-ax8UMgwrww,Crash And Burn - The JJ Abrams Story,The Critical Drinker,Yes,8,0,3,0,1,0,19,0,0,31,0,0,0,0,0,0,0,0,0
-bp3jkcHAxc,,,Yes,5,0,5,0,0,0,11,2,0,23,0,0,0,0,0,0,0,0,0
-cEdT-mCFYs,Corporate America Is Adult Day Care,The Podcast of the Lotus Eaters,Yes,0,0,4,0,0,0,2,2,0,8,0,0,0,0,0,0,0,0,0
-dj1EqspKF8,Woke DA Orders Prosecutors To Go Soft On Black Criminals,Actual Justice Warrior,Yes,39,0,5,0,49,0,38,1,0,132,0,0,4,0,0,0,0,0,4
-kGiENpkWIM,Unpacking Hip Hop's Allegiance to Abusers | OLAY & FRIENDS,olurinatti,,74,26,42,0,68,3,69,1,0,283,1,0,2,0,0,0,0,0,3
-nzty8CDhV4,,,Yes,2,0,4,0,0,0,5,0,0,11,0,0,1,0,2,0,0,0,3
-qDieARqKdM,Why Tay K Did The Race,olurinatti,,50,0,2,0,25,0,30,8,0,115,0,0,0,0,0,0,0,0,0
02H462il4wo,Diversity in World War 2,Three Arrows,No,0,0,7,1,25,0,17,0,0,50,0,0,0,0,0,0,0,0,0
0EZrD1D9Das,,,Yes,0,0,2,0,7,0,0,0,0,9,0,0,0,0,0,0,0,0,0
0L0IYGABPAc,Irish Patriots Defeat Antifa and Find Feds,The Podcast of the Lotus Eaters,Yes,1,0,2,0,15,0,11,0,0,29,0,0,0,0,0,0,0,0,0
0P7OTVd8o4g,Pokimane's Return Stream was a Disaster,Hero Hei,Yes,0,0,2,0,1,0,0,0,0,3,0,0,0,0,0,0,0,0,0
0PJjjQgl2BE,,,Yes,3,0,1,0,0,1,13,0,0,18,0,0,0,0,0,0,0,0,0
0Yvjf6JL2o0,,,Yes,1,0,2,0,4,0,1,0,0,8,0,0,0,0,0,0,0,0,0
0efB-VfZXHk,The US's War on Iran and the Iran-Cuba Friendship | Shabbir Rizvi,midwesternmarx,Yes,7,0,3,0,9,0,19,1,0,39,0,0,0,0,1,0,0,0,1
0joT_T6CsDg,Nobody 2 - A Fun But Predictable Sequel,The Critical Drinker,Yes,1,0,1,0,0,0,1,0,0,3,0,0,0,0,0,0,0,0,0
0oU_bhuLQXY,,,Yes,6,0,3,0,2,1,8,0,0,20,0,0,0,0,0,0,0,0,0
0qyAKUIED5I,,,Yes,1,1,2,0,20,0,1,2,0,27,0,0,0,0,0,0,0,0,0
0qynQm7M9ZY,Hollywood is COOKED - Tinseltown MELTDOWN,Nerdrotic,Yes,9,0,11,0,8,0,5,1,0,34,0,0,0,0,1,0,0,0,1
0zhJVfNtn80,Liberals Claim Capitol Riots are Worse than 9/11,midwesternmarx,No,14,0,6,0,2,0,11,0,4,37,0,0,0,0,0,0,0,0,0
15MtcW0YdMo,'Melania' Completely DESTROYS Media Lies w/ HUGE Opening Weekend Box Office,Geeks + Gamers,Yes,1,0,1,0,4,0,1,0,0,7,0,0,0,0,0,0,0,0,0
18hJQTDogNI,28 Years Later: The Bone Temple - This One Surprised Me!,The Critical Drinker,Yes,4,1,4,0,0,0,3,0,0,12,0,0,0,0,0,0,0,0,0
1Sf-19gr9pM,PSYCHO NURSE FINDS OUT AFTER USING DIMENTIA PATIENTS AGAINST ICE AGENTS!,TheQuartering,Yes,12,0,1,0,9,3,3,1,0,29,2,0,0,0,0,0,0,0,2
1b-QtoSfM38,YouTube and the Politics of Pessimism,Three Arrows,Yes,28,0,5,0,21,1,5,1,0,61,0,0,1,0,0,0,0,0,1
1pFr8Ah75wE,Avengers: Doomsday - Have Marvel Learned From Their Mistakes?,The Critical Drinker,Yes,5,0,5,0,0,0,9,0,0,19,0,0,0,0,0,0,0,0,0
1t6gFJCpI50,Crash And Burn - The Ezra Miller Story,The Critical Drinker,Yes,12,1,6,1,1,0,12,4,0,37,0,0,0,0,0,0,0,0,0
1xclzuq1dNM,Predator: Badlands - Disney Consumes Another Franchise,The Critical Drinker,Yes,8,0,2,0,2,0,2,0,0,14,0,0,0,0,0,0,0,0,0
24pJeAIbdpY,LATEST TRUMP ASSASSIN TAKES VERY BIZZARE TWIST,TheQuartering,Yes,0,0,0,0,3,0,3,7,0,13,0,0,0,0,0,0,0,0,0
2BDEuxKU_NI,How This Marine Became a Killer,olurinatti,,23,0,2,0,29,1,8,6,0,69,0,0,0,0,0,0,0,0,0
2UlHMN-rlpU,Darth Vader AI Fortnite is The Greatest Mistake Ever,Geeks + Gamers,Yes,1,0,7,0,4,0,6,0,0,18,0,0,1,0,0,0,0,0,1
2ZWBPikZxO8,TRANS ATTACK STOPPED!,TheQuartering,Yes,10,0,11,1,0,0,15,5,0,42,0,0,0,0,0,0,0,0,0
2bcKKs6vpGU,PAWN STARS MASSIVE SCAM,TheQuartering,Yes,5,0,0,5,0,0,5,1,0,16,0,0,0,0,0,0,0,0,0
2hyzu8KSiI8,"Starfleet Academy is Worse Than Prison - Episode 6: Come, Let's Dumb",Nerdrotic,Yes,24,5,12,0,10,3,12,11,0,77,0,0,0,0,0,0,0,0,0
2r-TOm5A2oc,"Carlos Garrido on Infrared - Marxism, Philosophy, and More",midwesternmarx,No,21,2,24,0,33,1,43,2,0,126,0,0,0,0,0,0,0,0,0
2r1EwB-XYyc,Responding to Vice: Do the Capitol Riots signal The United States is crumbling like Rome?,midwesternmarx,No,11,1,3,0,7,0,43,0,0,65,0,0,0,3,0,0,0,0,3
2tlOYNOw68Y,WOKE WOMAN BRUTALLY FINDS OUT,TheQuartering,Yes,14,0,4,0,5,1,7,5,0,36,0,0,0,1,0,0,0,2,3
35UKNNokTlQ,,,Yes,38,5,21,0,20,0,13,21,0,118,1,0,0,0,0,0,0,0,1
3G7h9LSoweo,John Campea Blames FANS For Star Wars Failure,Geeks + Gamers,Yes,6,0,3,0,4,1,34,0,0,48,0,0,0,0,0,0,0,0,0
3L1ZsbANYfU,What Did Enoch Powell Actually Say?,The Podcast of the Lotus Eaters,Yes,9,0,6,0,51,0,7,0,0,73,0,0,0,0,0,0,0,0,0
3LgZfdzT7ck,The Life & Legacy of Che Guevara,midwesternmarx,Yes,6,0,3,1,0,0,5,0,0,15,0,0,0,0,0,0,0,0,0
3R9n9gg9qF0,,,Yes,3,0,22,0,2,0,28,3,0,58,0,0,0,0,0,0,0,0,0
3TPWf8zasrA,,,Yes,11,0,8,0,1,0,12,1,0,33,3,0,0,0,0,0,0,0,3
3YelCxIWxtw,Crash And Burn - The Steven Seagal Story,The Critical Drinker,Yes,13,1,8,1,3,0,24,5,0,55,0,0,0,0,0,0,0,0,0
3fviMJs8kS8,2026 Movies Are CRAZY ,Geeks + Gamers,Yes,0,0,4,0,2,0,4,0,0,10,0,0,0,0,0,0,0,0,0
3mHWNvvApRg,Eddie Liger Livestream 5/30,midwesternmarx,No,14,3,6,0,16,0,17,0,0,56,0,0,0,0,0,0,0,0,0
3vUjNTuoaLM,FULL Woke Girl Boss - Toy Story 5 Might Be in Trouble,Geeks + Gamers,Yes,0,0,2,0,2,0,2,0,0,6,0,0,0,0,0,0,0,0,0
3vuvF63OFjQ,Black People Have to Decide How We Feel About Police | OLAY & FRIENDS,olurinatti,,56,4,15,2,213,0,39,1,3,333,0,0,0,3,0,0,0,0,3
3ys0d7N5Ykc,A Marxist’s opinion on President Biden thus far.,midwesternmarx,Yes,4,0,1,0,2,0,18,0,0,25,0,0,0,1,0,0,0,0,1
4-vxJtTUz5o,,,Yes,11,0,1,0,1,0,1,1,0,15,0,0,0,0,0,0,0,0,0
4DxxFCai5p0,Imperialism the Highest Stage of Capitalism: Reading Guide- Ch4 Export Capital,midwesternmarx,Yes,1,0,0,0,0,0,2,4,0,7,0,0,0,0,0,0,0,0,0
4Ft9zdso6ZE,,,Yes,2,0,2,0,1,0,4,0,0,9,0,0,0,0,0,0,0,0,0
4Mi9GJTogHw,,,Yes,14,0,3,0,0,0,9,0,0,26,0,0,0,0,0,0,0,0,0
4O2wWbaFhCI,House of the Dragon is the Medieval Jerry Springer,olurinatti,,84,9,38,1,33,0,40,5,0,210,1,0,0,0,1,0,0,0,2
4fGJ6YOumzQ,,,Yes,0,0,0,0,0,0,0,0,0,0,0,0,0,0,0,0,0,0,0
4nM6umgj0JY,Why Black Male Voters are FED UP | OLAY & FRIENDS,olurinatti,,18,1,15,2,266,0,35,1,0,338,0,0,0,0,0,0,0,0,0
4nXJ0h3iU-M,,,Yes,1,0,3,0,1,0,12,0,0,17,0,0,0,0,0,0,0,0,0
4usmeP0kw-k,Production Hell - Cats,The Critical Drinker,Yes,7,0,6,0,2,0,4,2,0,21,1,0,0,0,0,0,0,0,1
4xUxjWxiOFA,"PODCAST #3: IRAN, HEGEL, AND IDEALISM IN WESTERN SOCIALISTS",midwesternmarx,Yes,13,0,2,0,7,1,38,5,0,66,0,0,0,0,0,0,0,0,0
5FkHVkwdDVE,"Wicked For Good - Is It Actually Good, Though?",The Critical Drinker,Yes,2,0,4,0,1,0,3,0,0,10,0,0,0,0,0,0,0,0,0
5NvCUtBkaVY,,,Yes,5,0,4,0,0,2,6,1,0,18,0,0,0,0,0,0,0,0,0
5OcZwXY69ww,,,Yes,5,0,1,0,0,0,5,18,0,29,0,0,0,0,0,0,1,0,1
5sjSC3-1izQ,Pokimane and QT's Worst Nightmare just Came True,Hero Hei,Yes,0,0,0,0,1,0,0,0,0,1,0,0,0,0,0,0,0,0,0
5x8anGV6yu4,,,Yes,9,0,8,0,0,1,1,8,0,27,0,0,0,0,0,0,0,0,0
5znurzDDc-k,,,Yes,0,0,0,0,2,0,2,0,0,4,0,0,0,0,0,0,0,0,0
6979XXJRlOo,Telesur Interviews Carlos on the Venezuelan Elections,midwesternmarx,Yes,12,0,1,0,4,0,31,0,0,48,0,0,0,0,0,0,0,0,0
69obN625Fjs,How to Fall Down the Anti-SJW Rabbit Hole,Three Arrows,Yes,6,0,9,0,14,0,9,1,0,39,0,0,1,0,0,0,0,0,1
6C-i5fX-7Fc,Slaying Sacred Cows,The Podcast of the Lotus Eaters,Yes,29,2,11,0,16,0,10,1,0,69,0,0,0,0,0,0,0,0,0
6DIkW9YoR3Y,Donald Trump Won & America Will Regret It,olurinatti,,5,0,4,0,39,1,12,2,0,63,0,0,1,0,0,0,0,0,1
6DQqMQ2KYYk,,,Yes,0,0,1,0,0,0,0,0,0,1,0,0,0,0,0,0,0,0,0
6T5zbw73n2g,Weapons - A Superb Horror Mystery,The Critical Drinker,Yes,2,0,2,1,0,0,1,12,0,18,0,0,0,0,0,0,0,0,0
6Y1Wgv-DfvA,,,Yes,1,0,4,0,3,0,1,1,0,10,0,0,0,0,0,0,0,0,0
6b6N-hgb9-s,,,Yes,2,0,4,0,6,0,3,0,0,15,0,0,0,0,0,0,0,0,0
6e9AzdNUoLY,Are Men Using Babies to Trap Women? | OLAY & FRIENDS,olurinatti,,4,26,19,0,14,0,9,0,0,72,4,0,0,0,0,0,0,0,4
6gkEf3wsLnA,He CAN'T STOP LYING,Actual Justice Warrior,Yes,7,1,20,0,2,0,2,0,0,32,0,0,3,1,0,0,0,0,4
6lIi1_VY1VY,Debate: Communists vs Ukrainian Anti-Communist,midwesternmarx,Yes,7,1,7,1,7,1,13,2,0,39,0,0,0,0,0,0,0,0,0
6skuCiLCjRA,How To Dismantle a Democracy,Three Arrows,Yes,33,0,1,1,5,0,34,0,0,74,0,0,0,0,0,0,0,0,0
6vK1LY1KC_w,Why Modern Movies Suck - They're Completely Forgettable,The Critical Drinker,Yes,1,0,2,0,0,0,1,2,0,6,0,0,0,0,0,0,0,0,0
6yVXtiqHBw0,AMERICAN JOURNALIST EXPOSES THE TRUTH ABOUT CHINA | JASON SMITH,midwesternmarx,Yes,10,0,9,0,17,0,9,0,0,45,0,0,0,0,1,0,0,0,1
79DZrp-cIKw,,,Yes,18,1,4,0,0,0,6,0,0,29,0,0,0,0,0,0,0,0,0
7Bd_H8Cyago,The Easy Answers of YouTube Conservatism,Three Arrows,No,120,2,10,33,200,1,81,19,0,466,0,0,0,8,0,0,0,0,8
7FWWF2nQf6o,The International - American country/folk version,midwesternmarx,Yes,1,0,0,0,1,0,1,0,0,3,0,0,0,0,0,0,0,0,0
7US7_rtOkJY,,,Yes,11,0,3,0,1,0,3,0,0,18,0,0,0,0,0,0,0,0,0
7fDiL_RFGTA,The Real Says Jussie Smollett Hoax Was Noble,Actual Justice Warrior,Yes,24,0,25,0,58,0,23,2,0,132,0,0,0,1,3,0,0,0,4
7oP8ADjpJQk,The Decline and Fall of Woke Hollywood,Nerdrotic,Yes,72,9,81,1,99,9,181,12,0,464,3,0,0,0,0,0,0,0,3
7t8dBzR3PWo,,,Yes,0,1,8,0,16,0,0,0,0,25,0,0,0,0,0,0,0,0,0
7u1_GrRJ6qo,Last of Us Season 2 Facing MASSIVE Backlash,Geeks + Gamers,Yes,11,0,0,0,4,0,4,0,0,19,0,0,0,0,0,0,0,0,0
7x8SS8vrSQU,The REAL Superman Trailer - James Gunn's Ego RUINED The Marketing,Geeks + Gamers,Yes,0,0,2,0,1,0,0,10,0,13,0,0,0,0,0,0,0,0,0
8-N6yIfGuUM,"Crash And Burn - Dwayne ""The Rock"" Johnson",The Critical Drinker,Yes,7,0,3,0,2,0,1,0,0,13,0,0,0,0,0,0,0,0,0
82uw8W_IQMo,Supergirl - More Superhero Slop?,The Critical Drinker,Yes,1,1,4,0,1,1,1,12,0,21,0,0,0,0,0,0,0,0,0
86FyYciEHvg,"Snow White is a Historic FLOP, and That's a Good Thing",Nerdrotic,Yes,2,0,6,1,35,1,8,2,0,55,33,0,0,0,0,0,0,0,33
8BhHAdgFgC0,,,Yes,3,0,1,0,0,0,0,0,0,4,0,0,0,0,0,0,0,0,0
8EPHk_myA8M,,,Yes,0,0,6,0,2,0,2,10,0,20,0,0,0,0,0,0,0,0,0
8K-hYtKTGN0,,,Yes,9,0,1,0,1,0,10,0,0,21,0,0,0,0,0,0,0,0,0
8PWahrIjYD8,Oh My God..,TheQuartering,Yes,3,0,1,0,2,0,3,2,0,11,0,0,0,0,0,0,0,0,0
8S7-AqFAHck,Cornel West is Running for President… | OLAY & FRIENDS,olurinatti,,9,6,28,0,124,0,15,2,0,184,0,0,1,1,0,1,0,0,3
8UBwCJvhaGE,Where Marx Was Wrong but Lenin Right,midwesternmarx,Yes,0,0,2,0,0,0,0,0,0,2,0,0,0,0,0,0,0,0,0
8UoQXinZ7yU,,,Yes,2,0,8,0,1,0,2,0,0,13,0,0,0,0,0,0,0,0,0
8a61ryxM-yQ,Disney Files Cease and Desist - Please Watch the Whole Video,Star Wars Theory,Yes,4,0,2,0,1,0,29,0,0,36,0,0,1,1,0,0,0,0,2
8av1PngPPQc,Eddie Liger Plays Marxist Trivia,midwesternmarx,Yes,0,0,1,0,0,0,0,0,0,1,0,0,0,0,0,0,0,0,0
8dtgH9Y4c78,Superman - A Beautiful James Gunn Mess,The Critical Drinker,Yes,0,0,2,0,2,0,7,18,0,29,0,0,0,0,0,0,0,0,0
8ez7u2StoWI,WOKE BOY SCOUTS CAVE & DROP DEI AFTER LOSING 90% OF MEMBERS!,TheQuartering,Yes,1,2,2,0,1,0,4,0,0,10,0,0,0,0,0,0,0,0,0
8hyX3d9z7vs,Animal Farm - This Was Probably A Bad Idea,The Critical Drinker,Yes,3,0,7,0,0,0,4,0,0,14,0,0,0,0,0,0,0,0,0
8tTKVAsN7rw,Probably Cancelled | Championing the working class: Dr. Shiva's campaign to reclaim America,midwesternmarx,No,19,0,28,0,42,0,52,1,2,144,6,0,0,0,1,0,0,0,7
8vR9lLCYHtg,Fact Checking My Breakfast Club Interview with Eric Adams,olurinatti,,51,1,2,0,13,0,22,6,1,96,0,0,0,0,0,0,0,0,0
90a69Uln0Go,TikTok Gen Z Leftists Explain Everything,The Podcast of the Lotus Eaters,Yes,29,11,10,0,33,0,9,0,0,92,0,0,0,0,0,0,0,0,0
91aZHkxwUOQ,The Rise of BBLs & Body Modifications | OLAY & FRIENDS,olurinatti,,6,13,31,1,77,2,35,4,0,169,0,0,4,0,0,1,0,0,5
94PKCAshRrY,Rian Johnson SLAMS Kathleen Kennedy!,Geeks + Gamers,Yes,3,0,1,0,1,0,4,0,0,9,0,0,1,0,0,0,0,0,1
995ljGVQuCY,BBC checks YouTubers “Thinking”,The Podcast of the Lotus Eaters,No,25,1,8,0,29,0,10,0,0,73,0,0,0,0,0,0,0,0,0
9AMAr4HRmA0,Analyzing What Kamala’s Up Against | OLAY & FRIENDS,olurinatti,,14,1,15,0,182,1,31,2,0,246,0,0,12,0,0,0,0,0,12
9HQghy9ZtY4,Avatar 3 - Tired And Ass,The Critical Drinker,Yes,9,0,7,0,2,0,20,4,0,42,0,0,0,0,0,0,0,0,0
9NWCZek9rpE,The Beginning Of The End,The Critical Drinker,Yes,5,1,3,0,1,0,3,0,0,13,0,0,0,0,0,0,0,0,0
9P4Z68blYZg,Woke Hollywood is Breaking Up,Nerdrotic,Yes,6,0,8,0,7,3,17,7,0,48,1,0,0,0,0,0,0,0,1
9TnTcfP4lcw,,,Yes,2,0,8,0,4,0,3,0,0,17,0,0,0,0,0,0,0,0,0
9XgMEfOdRPI,,,Yes,3,0,5,0,0,0,29,0,0,37,0,0,0,0,0,0,0,0,0
9faEnSxkYFU,She RAMMED ICE With Her Car & Then Something Absurd Happened!,TheQuartering,Yes,2,0,5,0,2,0,12,1,0,22,0,0,1,0,0,0,0,0,1
9sa_b2D7ymU,"Woke Is Broke, and That's a Good Thing",Nerdrotic,Yes,6,0,8,0,21,0,16,0,0,51,1,0,0,0,0,0,0,0,1
9si7ztbQ_-4,Drake’s Lawsuit Could Destroy HipHop | OLAY & FRIENDS,olurinatti,,22,5,32,0,30,2,54,6,0,151,0,0,7,1,0,0,0,0,8
9smMPnUd_Bs,RABBI YISROEL DOVID WEISS ON ZIONISM AND PALESTINE | Escaping the Cave Ep. 4,midwesternmarx,Yes,39,0,56,1,21,0,12,3,0,132,0,0,0,0,0,0,0,0,0
A3pdBGEKc7E,,,Yes,3,0,10,0,13,0,2,0,0,28,1,0,0,0,0,0,0,0,1
AAHrkNOGME0,Making Marxism Great Again | Probably Cancelled w/ Catherine Liu,midwesternmarx,No,15,8,9,0,14,5,26,1,0,78,0,0,0,1,0,0,0,0,1
AGFRZ_yvdnI,Interview w/ Professor Tim Orr: On The Charge of the First Minnesota. - Part. 1.,midwesternmarx,Yes,33,0,1,0,9,2,44,1,0,90,0,0,0,0,0,0,0,0,0
ALiHcmb_6xI,Alien: Earth - A Wild Ride,The Critical Drinker,Yes,7,0,2,0,0,1,5,3,0,18,0,0,0,0,0,0,0,0,0
ALuzIz0d9m0,"Eddie Liger on MAGA, ACP, and Culture Wars | Homeless Romantic Podcast",midwesternmarx,Yes,16,0,19,1,11,0,39,5,0,91,0,0,2,0,0,0,0,0,2
AOKQ7CptAAo,,,Yes,5,1,6,0,0,0,6,0,0,18,0,0,0,0,0,0,0,0,0
AOv2TFlV5m0,Starfleet Academy Facing CANCELED Rumors From AI Over Online Backlash,Geeks + Gamers,Yes,3,0,1,0,1,0,1,0,0,6,0,0,0,0,0,0,0,0,0
APBsDqjlRE0,"So... What Now, Marvel?",The Critical Drinker,Yes,2,1,4,0,0,0,2,1,0,10,0,0,0,0,0,0,0,0,0
Ac03UgJDUcE,,,Yes,1,0,4,0,3,0,0,2,0,10,0,0,0,0,0,0,0,0,0
Akl_kYPEYgQ,The Best And Worst Of 2025,The Critical Drinker,Yes,3,0,20,1,4,0,12,10,0,50,3,0,0,0,0,0,0,0,3
Al4Szx0ZEm8,,,Yes,6,1,12,0,27,0,8,3,0,57,17,0,0,0,0,0,0,0,17
AoeJUvAn_6I,Crash And Burn - The Brie Larson Story,The Critical Drinker,Yes,7,0,3,1,4,0,5,0,0,20,0,0,0,0,0,0,0,0,0
B9DzRYOyiXw,Black Celebs Are Tap Dancing for Donald Trump | OLAY & FRIENDS,olurinatti,,7,1,25,0,136,0,36,0,0,205,0,0,0,0,3,0,0,0,3
BDRq6A77tPw,,,Yes,17,0,1,0,1,0,5,1,0,25,0,0,0,0,0,0,0,0,0
BIfDKKbmDJI,Eddie Liger's CONTROVERSIAL Speech at the Chicago Workers School,midwesternmarx,Yes,13,0,0,0,10,0,25,0,0,48,0,0,0,0,1,0,0,0,1
BdRF0TTY_sQ,,,Yes,2,1,11,0,6,0,28,30,0,78,0,0,1,0,0,0,0,0,1
BhPb1vA9LXo,Disney's Woke Plan DESTROYED By Snow White Failure,Geeks + Gamers,Yes,13,0,5,0,12,0,1,0,0,31,12,0,0,0,0,0,0,0,12
Bhxcpng7IUo,Ironheart is Hilariously DUMB - The M-She-U Needs to End,Nerdrotic,Yes,22,0,18,0,15,0,12,1,0,68,0,0,0,1,0,0,0,0,1
Bi8g8KfzTZk,How Zionists Systematically Exterminate Palestinian Artists - Viral Tik Tok,midwesternmarx,Yes,6,0,1,0,1,0,0,0,0,8,0,0,0,0,0,0,0,0,0
BkljlgKzuBo,Loads of Porn Stars Regret Doing Porn,The Podcast of the Lotus Eaters,Yes,5,58,14,8,0,4,13,2,0,104,0,0,0,0,0,6,0,0,6
BtHYUzyWMgE,VICE Suffer Delusions of Women's Rights,The Podcast of the Lotus Eaters,Yes,6,0,7,0,1,0,10,2,0,26,0,0,0,0,0,0,0,0,0
Bx28xZ25ha0,Amazon's G20 is Hilariously BAD,Nerdrotic,Yes,12,0,14,0,10,0,8,0,0,44,0,0,0,0,0,0,0,0,0
C-CsWKvrEMQ,Women Can Be Predators Too & Men Can Be Victims | OLAY & FRIENDS,olurinatti,,48,104,27,0,99,3,50,19,0,350,0,0,3,2,0,3,0,0,8
C1qi3TkxhQ8,An Apology To Critical Drinker Nerdrotic & Geeks & Gamers,TheQuartering,Yes,3,0,11,0,1,0,1,0,0,16,0,0,0,0,0,0,0,0,0
C5GdXAerJ-o,,,Yes,1,0,4,0,1,0,3,0,0,9,0,0,0,0,1,0,0,0,1
CDOov2JpBAo,,,Yes,3,0,3,0,3,0,3,1,0,13,0,0,0,0,0,0,0,0,0
CFDDf48nj9g,America's Coming Weimar Moment,Three Arrows,No,12,0,2,1,22,0,72,1,0,110,0,0,0,0,0,0,0,0,0
CTSGApgZrMY,Steam is being Threatened by the Modern Audience now,Hero Hei,Yes,1,0,2,0,0,0,1,2,0,6,0,0,0,0,0,0,0,0,0
CVMQ2WaI1HY,Walmart BLACK FATIGUE Goes Nuclear,TheQuartering,Yes,15,0,1,0,22,0,1,4,0,43,0,0,1,0,0,0,0,0,1
CVyTOLP9VkQ,The Brick Lady & The Gender Wars | OLAY & FRIENDS,olurinatti,,67,1,14,1,189,1,80,14,0,367,0,0,1,15,0,0,0,0,16
CYlQaFcMpWI,,,Yes,5,0,4,0,1,0,5,4,0,19,0,0,0,0,0,0,0,0,0
C_kEBQcf0xY,"Dr Umar, Pseudo-Intellectual Nonsense, and American Exceptionalism | OLAY & FRIENDS",olurinatti,,56,5,47,7,395,1,46,0,0,557,7,0,2,4,0,0,0,0,13
CeVrooNAunE,Rachel Zegler Blames YOU For Her Failures,Geeks + Gamers,Yes,4,0,3,0,16,0,11,0,0,34,15,0,0,0,0,0,0,0,15
Cf18Jx4hINk,,,Yes,1,0,3,0,0,0,2,5,0,11,0,0,0,0,0,0,0,0,0
Cg9mW1uTxyU,PODCAST #2: CAPITOL STORMING AND THE PESSIMISTIC LEFT,midwesternmarx,Yes,13,0,18,0,10,2,20,1,0,64,0,0,0,0,0,0,0,0,0
CpHwD-8hb1c,,,Yes,2,0,6,0,6,1,5,0,0,20,0,0,0,0,0,0,0,0,0
CskLY0-7_zY,Kyle Kulinski CRIES Over Matt Walsh Crime Takes,Actual Justice Warrior,Yes,133,3,12,4,11,1,60,1,0,225,0,0,0,1,0,0,0,0,1
CuOUEXpFgVU,Is America Obsessed with Celebrities? | OLAY & FRIENDS,olurinatti,,37,11,46,0,424,1,22,1,0,542,2,0,0,0,0,0,0,0,2
CuTnb3dtbe8,Gamestop BREAKS The Internet w/ Trump Memes - Games Journos MELTDOWN,Geeks + Gamers,Yes,0,0,1,0,2,0,6,0,0,9,0,0,0,0,0,0,0,0,0
Cvnfpxv2lvs,,,Yes,0,0,5,0,11,0,1,0,0,17,0,0,0,0,0,0,0,0,0
D0aqIq36t3s,,,Yes,3,0,4,1,4,0,2,2,0,16,0,0,0,0,0,0,0,0,0
D2evG_dHQiI,,,Yes,5,0,3,0,2,0,7,4,0,21,0,0,0,0,0,0,0,0,0
D6cpD_vfVP4,Cincinnati CAUGHT Paying Black Activist To ATTACK Cops,Actual Justice Warrior,Yes,16,0,11,3,25,0,11,1,0,67,0,0,0,1,0,0,0,0,1
DDHqE-AJsh0,,,Yes,1,0,0,0,0,0,0,0,0,1,0,0,0,0,0,0,0,0,0
DFCshwzb2os,,,Yes,2,0,3,0,1,0,13,14,0,33,1,0,0,0,0,0,0,0,1
DFGXQzR488Y,Conservative Party Unable to Fully Commit Against Critical Race Theory,The Podcast of the Lotus Eaters,Yes,1,0,4,0,7,0,9,0,0,21,0,0,0,0,0,0,0,0,0
DFgZSCkggTY,FEMINIST TEACHER JUST LOST EVERYTHING & IS HEADING TO PRISON!,TheQuartering,Yes,3,0,2,7,0,0,3,0,0,15,0,0,0,0,0,0,0,0,0
DJIIaN7Z2L0,,,Yes,1,1,0,0,0,0,5,2,0,9,0,0,0,0,0,0,0,0,0
DTXBi3E9mo4,DONALD TRUMP ASSASSINATION ATTEMPT JUST STOPPED! MAN STORMS MAR-A-LAGO ARMED & WITH GAS CANS!,TheQuartering,Yes,1,0,2,0,4,0,7,13,0,27,0,0,0,0,0,0,0,0,0
DfXD7Gbm3cQ,The Fall of Ice Spice: Colorism & Transactional Relationships | OLAY & FRIENDS,olurinatti,,14,1,37,0,70,6,13,1,0,142,0,0,2,0,0,4,0,0,6
DuSScLV2q2g,Why the Right is Obsessed with Trans People,olurinatti,,7,0,5,2,4,2,7,0,0,27,0,0,1,0,0,0,0,0,1
DvD1lHts-BA,Jimmy Kimmel CANCELED - Disney Pulls the Plug After Charlie Kirk Comments,Nerdrotic,Yes,14,0,7,0,6,0,1,0,0,28,0,0,0,0,0,0,0,0,0
E0UvbJEf0Uc,WOKE PROFESSOR FINDS OUT! HER OWN PEERS TURN ON HER,TheQuartering,Yes,0,0,4,0,35,0,0,0,0,39,0,0,1,0,0,0,0,0,1
E_TDQo9Zpv8,The Iraq War: PragerU vs. Reality,Three Arrows,Yes,38,1,8,12,12,1,97,41,13,223,0,0,0,0,1,0,0,0,1
EcHN7DN9TOo,,,Yes,3,0,2,0,0,1,2,6,0,14,0,0,0,0,0,0,0,0,0
ErkPNJWggX4,Stranger Things Season 5 - The Last Real TV Event?,The Critical Drinker,Yes,9,0,6,0,0,2,6,3,0,26,0,0,0,0,0,0,0,0,0
Eu-IjsbxIIw,MAGA Communism: Fact vs. Fiction,midwesternmarx,No,3,0,1,0,0,0,3,0,0,7,0,0,0,0,0,0,0,0,0
Exdq6NqAuDE,The Rise of Class Solidarity? | OLAY & FRIENDS,olurinatti,,38,2,25,0,160,2,23,7,0,257,0,0,0,0,1,0,0,0,1
EyiXnH8s4Hc,Fantastic Four: First Steps REVIEW - The Best Marvel Flop of the Year,Nerdrotic,Yes,5,2,8,0,1,0,15,2,0,33,0,0,1,0,0,0,0,0,1
F8nzXIxOdD8,Snow White is AWFUL - The FOULEST of Them All,Nerdrotic,Yes,10,0,9,0,39,0,11,0,0,69,34,0,0,0,0,0,0,0,34
FEwzEHFAZv8,Socialist Countries Tier List Part 2,midwesternmarx,Yes,25,0,5,0,8,0,35,1,0,74,0,0,0,0,0,0,0,0,0
FFmXyiyIfuo,,,Yes,2,1,1,0,2,0,0,1,0,7,3,0,0,0,0,0,0,0,3
FKq9SWSjB6U,WE NEED TO TALK ABOUT THIS,TheQuartering,Yes,10,0,6,0,15,0,10,0,0,41,0,0,1,0,0,0,0,0,1
FLze1JuaaqM,,,Yes,8,0,5,0,1,0,2,1,0,17,0,0,0,0,0,0,0,0,0
FOUWfNReu1c,,,Yes,0,0,1,0,0,0,4,0,0,5,0,0,0,0,0,0,0,0,0
FTtbjkCS6RI,,,Yes,1,0,0,0,1,0,0,0,0,2,0,0,0,0,0,0,0,0,0
FTxzfH6jIoY,YOUTUBE TO REQUIRE ID'S & THE DEATH OF INTERNET PRIVACY,TheQuartering,Yes,0,0,5,0,2,0,1,0,0,8,0,0,0,0,0,1,0,0,1
FX8Iw37srmY,The Marketplace of Ideas | Germany vs. USA,Three Arrows,No,30,1,8,0,32,0,29,2,1,103,0,0,0,2,0,0,0,0,2
Figo2w2qRJ8,Why Marvel is FAILING - The House is Out of Ideas,Nerdrotic,Yes,1,0,3,0,7,0,2,2,0,15,1,0,0,0,0,0,0,0,1
Fjutn4sGMWM,Why You Should Vote For Your Weakest Adversary,olurinatti,,126,6,39,2,188,4,212,14,1,592,0,0,1,8,0,0,0,0,9
FnACzwV7Mwc,"If Pretty is a Privilege, Ugly is a Curse",olurinatti,,36,24,28,0,190,3,20,3,0,304,0,0,0,1,0,0,0,0,1
Fu-MDEXwV4s,Was Every German Soldier Evil?,Three Arrows,No,63,0,3,0,12,0,4,1,0,83,1,0,0,0,0,0,0,0,1
FyL6luy89mY,American Communist Party WINS ELECTION! Chris Helali WINS High Bailiff,midwesternmarx,No,1,0,0,0,0,0,1,0,0,2,0,0,0,0,0,0,0,0,0
G0W57kk_yUA,MrBeast Anime Tourist Situation got even Worse,Hero Hei,Yes,1,0,0,0,0,0,1,0,0,2,0,0,0,0,0,0,0,0,0
G3wI8aIx4e8,Toledo Cop ARRESTED For Shoplifting,Actual Justice Warrior,Yes,8,0,4,0,3,0,2,0,0,17,0,0,0,0,0,0,0,0,0
GHEcJDl6aBk,The BAFTA's Big N-Word Debacle...,Clownfish TV,Yes,0,0,7,1,34,0,3,0,0,45,0,0,10,0,0,0,0,0,10
GK-061GYjaI,,,Yes,2,0,16,0,3,0,2,1,0,24,0,0,0,0,0,0,0,0,0
GLGoMq7Pygo,The Bombs that Land in Gaza Land in Detroit | Carlos Garrido at Free America to Free Palestine,midwesternmarx,Yes,5,0,1,0,8,0,6,0,0,20,0,0,0,0,0,0,0,0,0
GWmeGEhxgzo,,,Yes,2,0,8,0,0,0,3,0,0,13,0,0,1,0,0,0,0,0,1
Ga6fNHtgdzg,"Shia LaBeouf ATTACKS Man In ""MAGA"" Hat & Instantly Regrets It!",TheQuartering,Yes,2,1,4,2,1,0,16,0,0,26,0,0,0,0,0,0,0,0,0
GgpkB-XIF_A,,,Yes,2,0,10,0,22,0,3,0,0,37,0,0,0,0,1,0,0,0,1
GkU7hieQlIU,Ironheart REVIEW - The Worst Marvel Ever Made?,Nerdrotic,Yes,36,1,26,0,21,2,13,5,0,104,0,0,1,1,0,0,0,0,2
GkuIXHdvhEM,,,Yes,7,0,1,0,4,0,2,0,0,14,0,0,0,0,0,0,0,0,0
GmtG1d-kYjo,Wonka Review -  They Lied to You,Culture Casino,Yes,1,0,2,0,0,0,2,1,0,6,0,0,0,0,0,0,0,0,0
Gmy6l-WbHqU,,,Yes,1,0,6,0,1,1,17,0,0,26,0,0,0,0,0,0,0,0,0
GohlQuOJLpE,Does the Left Want to Destroy History?,Three Arrows,No,27,0,4,0,46,1,31,0,0,109,0,0,0,0,0,0,0,0,0
GsTpP8GPlz0,"Update on Chicago  torture victim, How to help",Actual Justice Warrior,No,15,0,8,0,28,3,0,0,0,54,0,0,0,0,0,0,0,0,0
GvUAjcZ1r-U,The Winds of Winter is NOT Coming - ASOIAF Fans Sold Out For Hollywood,Nerdrotic,Yes,13,0,5,0,2,1,1,0,0,22,1,0,0,0,0,0,0,0,1
GwKj6_PxTTM,Bad News For James Gunn's Superman,Geeks + Gamers,Yes,0,0,1,0,1,0,0,18,0,20,0,0,0,0,0,0,0,0,0
GxF0oliZEu0,Evo Morales: Rise of the First Indigenous President of Bolivia- Book Review and Summary,midwesternmarx,Yes,10,0,2,5,9,0,23,1,0,50,0,0,0,0,0,0,0,0,0
H1WPE873mp0,Welcome to My Channel Olurinatti!,olurinatti,,0,0,0,0,0,0,1,0,0,1,0,0,0,0,0,0,0,0,0
H5lHIXiHdIE,,,Yes,1,0,1,0,3,0,1,0,0,6,0,0,0,0,0,0,0,0,0
HBXy4us4J5Y,"Imani Barbarin on Disability Rights, Navigating Ableism & Creating Change | ICONIC INTERVIEW",olurinatti,,10,2,10,0,27,0,17,1,2,69,0,0,0,0,0,0,0,0,0
HDbtds8rbJw,,,Yes,0,0,0,0,3,0,2,0,0,5,0,0,0,0,0,0,0,0,0
HGGaLmW0s38,The Election Is Over... Now What? | OLAY & FRIENDS,olurinatti,,55,2,39,0,154,2,33,1,0,286,0,0,8,1,0,0,0,0,9
HKYy2mkkVgk,,,Yes,1,0,4,0,9,0,2,0,0,16,0,0,0,0,0,0,0,0,0
HMJU0LohNKA,,,Yes,1,0,10,0,1,0,0,1,0,13,0,0,0,0,0,0,0,0,0
HMvlHShkD-c,,,Yes,2,1,23,0,1,0,6,0,0,33,0,0,0,0,1,0,0,0,1
HOHthnsuhPw,Denial as a Tool of the Radical Right,Three Arrows,Yes,16,0,1,0,26,0,11,0,0,54,0,0,0,0,0,0,0,0,0
HbFh51eS_ug,America Hates The Left & We Need A Plan,olurinatti,,16,0,6,0,57,1,22,0,0,102,0,0,0,0,0,0,0,0,0
HbkYJA-7jNU,Polygon is DEAD,Geeks + Gamers,Yes,2,0,2,0,2,0,2,0,0,8,0,0,0,0,0,0,0,0,0
Hh74jSq4Zzw,When The Police FAIL,Actual Justice Warrior,Yes,7,0,7,0,7,0,5,7,4,37,0,0,0,0,0,0,0,0,0
Ho0aWvwQLlA,Prof. Garrido on Censorship and Free Speech at Platypus 2024 International Convention,midwesternmarx,No,61,2,21,2,132,1,110,5,0,334,0,0,0,0,0,0,0,0,0
IANrqmrntTE,,,Yes,6,0,2,0,0,0,3,1,0,12,0,0,0,0,0,0,0,0,0
IDKsLaVBrdY,Crash And Burn - The Amy Schumer Story,The Critical Drinker,Yes,5,4,4,0,5,0,6,0,0,24,0,0,0,0,0,0,0,0,0
IE2H-N-Oft8,Pokimane just got Exposed Live on Her Own Stream,Hero Hei,Yes,0,0,6,0,0,0,0,0,0,6,0,0,0,0,0,0,0,0,0
IJZ-IKDWFLE,Disney's Alien: Earth REVIEW,Nerdrotic,Yes,5,1,10,0,1,0,8,1,1,27,0,0,0,0,0,0,0,0,0
IKNLiyGCa9I,The Witcher Season 4 - Is Anyone Still Watching This Garbage? ,The Critical Drinker,Yes,5,0,6,0,4,0,5,0,0,20,0,0,0,0,0,0,0,0,0
IQujpTzTNGY,Los Angeles DESTROYS Graham Stephan,Actual Justice Warrior,Yes,4,0,7,0,0,0,3,0,0,14,0,0,0,0,0,0,0,0,0
I_HdqYCDcVE,Brexit: PragerU vs. Reality,Three Arrows,Yes,1,0,5,0,2,0,16,0,0,24,0,0,0,0,0,0,0,0,0
IfwS74cYStA,,,Yes,4,0,13,0,2,0,3,13,0,35,0,0,0,0,0,0,0,0,0
IkO-FgbQuwo,,,Yes,13,0,10,0,8,1,4,0,0,36,0,0,1,0,0,0,0,0,1
ImBcvC4TrtI,39 ICE Karens Just FOUND OUT! Mass Arrests Have Don Lemon In Meltdown Mode As Tim Walz Embarassed!,TheQuartering,Yes,3,0,3,0,0,0,6,0,0,12,0,0,1,0,0,0,0,0,1
ItP_dWR2Weg,Kathleen Kennedy QUITS After Destroying Star Wars,Nerdrotic,Yes,7,0,6,0,2,0,21,0,0,36,0,0,0,0,0,0,0,0,0
IxRp3AsdRhc,Rachel Zegler Kills Snow White With HATE Rant! Film is DOA Now.,Culture Casino,Yes,2,1,8,0,15,0,9,0,0,35,11,0,1,0,0,0,0,0,12
IyDfFo16ogw,,,Yes,3,0,3,0,1,0,3,1,0,11,1,0,0,0,0,0,0,0,1
Iyu_HVukwPI,Starfleet Academy Sucks - And WE'RE To Blame,The Critical Drinker,Yes,2,0,3,0,1,0,6,0,0,12,0,0,0,0,0,0,0,0,0
J2H3RNNDpF0,The Naked Gun - Are We Allowed To Laugh Again?,The Critical Drinker,Yes,6,1,4,0,0,1,2,6,0,20,0,0,0,0,0,0,0,0,0
J4eC4gsevrg,Socialism Wins in Bolivia: But Far Right Extremism Persists,midwesternmarx,No,8,0,0,0,6,0,20,1,0,35,0,0,0,0,0,0,0,0,0
JAjG41BxET8,,,Yes,1,0,7,0,2,0,3,0,0,13,0,0,0,0,0,0,0,0,0
JJkmHyoWm2M,Hollywood PANIC After President Trump Orders 100% TARIFFS,Geeks + Gamers,Yes,4,0,0,0,0,0,5,2,0,11,0,0,0,0,0,0,0,0,0
JUEGzSeOTzk,,,Yes,6,0,3,0,2,1,3,0,0,15,0,0,0,0,0,0,0,0,0
JUtJM6frdu4,,,Yes,3,0,2,0,2,0,11,0,0,18,0,0,0,0,0,0,0,0,0
JcIL55UF0x8,Disney CEO Could CHANGE EVERYTHING in Disney World Villains Land?!,Clownfish TV,Yes,1,1,18,0,1,1,2,0,0,24,0,0,0,0,0,0,0,0,0
JdJhML-ApO8,,,Yes,2,0,9,0,0,0,47,0,0,58,0,0,0,0,1,0,0,0,1
JkwMMpz699Y,Make Fantasy HEROIC Again,The Critical Drinker,Yes,7,1,4,0,2,0,12,0,0,26,0,0,0,0,0,0,0,0,0
KRAoyJ493N4,A Knight Of The Seven Kingdoms - This Is How You Win!,The Critical Drinker,Yes,3,1,1,0,0,0,7,0,0,12,0,0,0,0,0,0,0,0,0
KWfCWpnUCRw,"We Killed The Acolyte, Apparently",The Critical Drinker,Yes,1,0,3,0,4,0,6,0,0,14,0,0,0,0,0,0,0,0,0
KakbZK-VlbI,Black Men Address Cam Newton & Why Black Men Make Babies but Not Families| OLAY & FRIENDS,olurinatti,,15,0,24,1,107,0,22,3,0,172,0,0,6,0,1,0,0,0,7
KcL_GTRJpHY,Unpacking the Attacks on Kamala’s Blackness & Prosecutorial Record | OLAY & FRIENDS,olurinatti,,56,1,26,1,212,1,99,2,0,398,0,0,0,0,1,0,0,0,1
KcOtpgFROS8,Project Hail Mary - Please Be Good!,The Critical Drinker,Yes,8,0,3,0,1,0,0,1,0,13,0,0,0,0,0,0,0,0,0
KdXSFt9b1CE,Save Us From The Male Gaze!,The Critical Drinker,Yes,1,0,1,1,0,0,3,0,0,6,0,0,0,0,0,0,0,0,0
Kh0el8phS_o,The Myth of Charlie Kirk,Three Arrows,Yes,64,1,3,0,8,1,17,7,0,101,0,0,0,1,0,0,0,0,1
Kvb9xLnrZac,,,Yes,7,2,9,1,3,0,0,3,0,25,0,0,9,0,0,0,0,0,9
KvcCIDJj-NQ,,,Yes,6,0,3,0,1,0,2,5,0,17,0,0,0,0,0,0,0,0,0
L-ef4cj_mnI,Donald Trump GOES NUCLEAR As US Soldiers Perish & REFUSES To Rule Out Boots On The Ground Iran War!,TheQuartering,Yes,14,0,0,0,1,1,19,0,0,35,0,0,0,0,0,0,0,0,0
L6epzun4Osk,Why Is the British State Promoting Islam?,The Podcast of the Lotus Eaters,Yes,5,0,4,0,15,0,10,1,1,36,0,0,0,0,0,0,0,0,0
LB4gqnUfp-k,Why New York Hates Andrew Cuomo,olurinatti,,31,10,15,0,12,2,85,1,0,156,0,0,3,0,1,0,0,0,4
LDJTfMuGs8c,Jennifer Lawrence ADMITS Wokeness Is KILLING Hollywood,Actual Justice Warrior,Yes,1,0,6,0,1,0,3,0,0,11,0,0,0,0,0,0,0,0,0
LHjgCo4RuZs,Sydney Sweeney REFUSES To Apologize To Woke Mob,Actual Justice Warrior,Yes,3,0,5,0,22,0,10,0,0,40,0,0,0,0,0,0,0,0,0
LUzm7hjZj2Q,Disney ADMITS Mandalorian is COOKED,Geeks + Gamers,Yes,2,0,2,0,0,0,12,0,0,16,0,0,0,0,0,0,0,0,0
LbVGG5CAM_s,,,Yes,1,0,0,0,1,0,0,2,0,4,0,0,0,0,0,0,0,0,0
LcyMIQ0N_6U,Doctor Who Ends in DISASTER - RIP Doctor Who,Nerdrotic,Yes,21,1,29,1,39,1,33,2,0,127,0,0,0,0,0,0,0,0,0
LebQdGlvElU,Infographics: What if Russia Invades Ukraine? DEBUNKED,midwesternmarx,Yes,16,1,6,0,10,2,47,3,0,85,0,0,0,0,0,0,0,0,0
LfQ9QCgevLA,"WHY MARXISM NEEDS HEIDEGGER, DUGIN, AND ZIZEK | HAZ AL-DIN",midwesternmarx,No,14,2,26,0,15,0,10,1,0,68,0,0,0,0,0,0,0,0,0
Li5bGmoAKbA,"INTERVIEW WITH DR. ASATAR BAIR: CHINA, MEDITATION, SOCIALISM AND MORE",midwesternmarx,Yes,26,0,9,0,3,1,29,0,0,68,0,0,0,1,0,0,0,0,1
LjtY8QHragM,"The Golden Globes Happened, I Guess...",The Critical Drinker,Yes,3,0,8,0,2,0,1,1,0,15,0,0,0,0,0,0,0,0,0
Lq_dGEt5sYc,,,Yes,17,0,0,0,0,0,1,0,0,18,0,0,0,0,0,0,0,0,0
Ltrj2mz_9Pk,A Story as Old as Socialism…,midwesternmarx,Yes,0,0,0,0,0,0,0,7,0,7,0,0,0,0,0,0,0,0,0
LyZ2TPfeYbg,What Should we Do with Killer Cops?,olurinatti,,108,8,3,0,21,0,19,6,1,166,0,0,0,0,0,0,0,0,0
MBtqG21awcs,The Acolyte - A Complete Season Review,The Critical Drinker,Yes,79,1,36,3,22,0,56,16,0,213,0,0,0,0,0,1,0,0,1
MKLAEjXEBKU,,,Yes,10,0,2,0,0,0,17,1,0,30,0,0,0,0,0,0,0,0,0
MVfdnOeM2Hw,,,Yes,7,1,5,0,3,0,3,0,0,19,0,0,0,0,0,0,0,0,0
MZXm80IFMVU,Vilifying Amanda Seales but Celebrating Candace Owens? | OLAY & FRIENDS,olurinatti,,22,8,23,0,163,1,42,1,0,260,0,0,3,0,1,0,0,0,4
MggZ_tBf9MM,The Running Man - Can't Outrun This Disaster,The Critical Drinker,Yes,10,0,4,0,1,0,4,1,0,20,0,0,0,0,0,0,0,0,0
MjfLKCgv8fU,Communist Leaders Tier List- Part 1,midwesternmarx,Yes,20,0,13,0,17,0,40,2,0,92,0,0,0,0,0,0,0,0,0
Mlt09Mxt3Rk,DiCaprio Whines About His Massive FLOP and Films Future,Culture Casino,Yes,1,0,2,0,1,0,2,0,0,6,0,0,0,0,0,0,0,0,0
MmCNWCJccWA,Stranger Things - This Is The End,The Critical Drinker,Yes,9,0,2,0,1,0,5,3,0,20,0,0,0,0,0,0,0,0,0
MmuVfw7ZnXA,“The Leftist Rebrand” ft. ​⁠@iDubbbzTV,olurinatti,,12,0,13,0,99,1,17,0,0,142,0,0,8,0,0,0,0,0,8
MzscxerhBE8,Cenk Lies For Jussie Smollett,Actual Justice Warrior,Yes,18,0,18,0,6,0,11,0,0,53,0,0,0,0,0,0,0,0,0
N4eQeuDLu-M,Eddie Screams at an Orthodox Russian Then They Become  Best Friends,midwesternmarx,Yes,30,1,7,0,11,0,72,3,0,124,0,0,0,1,0,0,1,0,2
NDHjRX-IDRw,How Hollywood Destroyed Fandom,Nerdrotic,Yes,8,0,1,0,10,0,16,3,0,38,3,0,0,0,0,0,0,0,3
NRAEWnsc92I,,,Yes,0,0,2,0,0,0,0,0,0,2,0,0,0,0,0,0,0,0,0
NUU9opfCmF0,Posie Parker Stumps Piers Morgan,The Podcast of the Lotus Eaters,Yes,10,10,10,1,15,0,10,0,0,56,0,0,0,0,0,0,0,0,0
NZWT75CKZko,,,Yes,5,6,7,0,0,0,16,0,0,34,0,0,0,0,0,0,0,0,0
Nb4a9h4WBGw,,,Yes,0,0,1,0,0,0,1,0,0,2,0,0,0,0,0,0,0,0,0
NlYpyTFUqRg,We've Reached Peak Modern Audience Cope,Hero Hei,Yes,2,0,0,0,0,0,1,0,0,3,0,0,0,0,0,0,0,0,0
Nn5e8pJ6AaI,Can Superman Save Hollywood?,Nerdrotic,Yes,2,0,5,0,3,0,4,17,1,32,0,0,0,0,0,0,0,0,0
O6fXmirI_Zk,,,Yes,0,0,6,0,1,0,3,0,0,10,0,0,0,0,0,0,0,0,0
O8TjbeaKIb0,Knowing Better FAILS On Criminal Justice,Actual Justice Warrior,Yes,85,0,10,32,25,0,19,12,0,183,0,0,0,0,0,0,0,0,0
O8UzmLsXGRU,How Societies Turn Cruel,Three Arrows,No,55,1,16,0,43,3,11,5,0,134,1,0,0,0,0,0,0,0,1
OB23XMGJIqk,,,Yes,4,1,11,0,2,0,2,0,0,20,0,0,0,0,1,0,0,0,1
ODowOPjRMNg,Stranger Things 5 Is a Massive Disappointment - Netflix's Flagship Show Ends in DISASTER,Nerdrotic,Yes,49,4,30,1,4,2,31,18,0,139,0,0,0,0,0,0,0,0,0
OIzswtE9Ato,,,Yes,0,0,4,0,7,0,7,0,0,18,0,0,0,0,3,0,0,0,3
OLBLmvqbw_c,Ebro Darden Explains What Rappers Owe to the Culture & The Evolution of Hip Hop | ICONIC INTERVIEW,olurinatti,,12,0,9,2,23,0,15,1,0,62,0,0,0,2,0,0,0,0,2
OWugZpfqrkQ,Why are Black Men Celebrating Caitlin Clark but not Angel Reese? | OLAY & FRIENDS,olurinatti,,7,0,23,0,156,0,19,0,0,205,0,0,1,0,0,0,0,0,1
Ob1XjaGBSpU,,,Yes,0,0,4,0,0,0,0,0,0,4,0,0,0,0,0,0,0,0,0
Oc8uxDDdJs0,Project Veritas vs the New York Times,The Podcast of the Lotus Eaters,Yes,2,0,6,0,1,0,6,0,0,15,0,0,1,0,0,0,0,0,1
OjuRICjGZfs,Paramount Wins - Total MAGA Takeover!,Geeks + Gamers,Yes,1,1,2,0,3,1,5,0,0,13,0,0,0,0,0,0,0,0,0
Ov7ft2ovidI,Sweet Baby Drama Gets Worse,Culture Casino,Yes,4,0,1,0,6,0,2,0,0,13,0,0,0,0,0,0,0,0,0
P0H5Uh3DGRw,"Iron Lung - Wow, It's Actually Good!",The Critical Drinker,Yes,7,0,0,0,0,0,0,1,0,8,0,0,0,0,0,0,0,0,0
P4DgjxHDikA,,,Yes,2,0,1,0,0,0,3,0,0,6,0,0,0,0,0,0,0,0,0
PEpHBXcxjso,,,Yes,3,0,0,0,0,0,8,0,0,11,0,0,0,0,0,0,0,0,0
PHLu9bQlBc8,,,Yes,17,0,9,0,2,0,4,0,0,32,0,0,16,0,0,0,0,0,16
PHgBoLA8owQ,"Eddie Liger Livestream 4/26 : Favorite books, DPRK talk, and Ecosocialism",midwesternmarx,Yes,11,0,7,3,5,0,22,0,0,48,0,0,0,0,0,0,0,0,0
PThXQdSC3Ac,Black Leaders PANIC After Whites Leave City,Actual Justice Warrior,Yes,3,0,7,0,24,0,27,0,0,61,0,0,3,0,0,0,0,0,3
PdGkGxISSBU,Mentally Challenged Trump supporter Tortured in Chicago (Rant),Actual Justice Warrior,No,16,0,7,0,31,4,1,1,0,60,0,0,0,0,0,0,0,0,0
PlU5VHTlWYY,Probably Cancelled | The Decline of the Left w/Alex McKay,midwesternmarx,Yes,20,10,18,9,7,2,29,1,0,96,0,0,0,1,0,0,0,0,1
PuHT_UUvwxo,Gen Z is SAVING Hollywood and is OFFENDED by Scary Movie 6?!,Clownfish TV,Yes,1,0,19,0,10,0,4,2,0,36,0,0,0,0,0,0,0,0,0
Q4LKuvAikso,A House Of Dynamite - Much Ado About Nothing,The Critical Drinker,Yes,5,0,3,0,1,0,13,1,0,23,0,0,0,0,0,0,0,0,0
Q6ua9UES8ss,,,Yes,2,0,6,1,2,0,6,2,0,19,0,0,0,0,0,0,0,0,0
QFOO1RWnuK8,China is the New Land of the Free! This Beer Video Proves it!,midwesternmarx,Yes,3,0,3,4,0,0,0,1,0,11,0,0,0,0,0,0,0,0,0
QFmi6BTHb2M,Crash And Burn - The Kathleen Kennedy Story,The Critical Drinker,Yes,7,0,3,0,1,0,19,0,0,30,0,0,0,0,0,0,0,0,0
QG4e4kuOLoM,,,Yes,17,3,48,0,14,0,7,3,0,92,0,0,0,0,0,0,0,0,0
QJs7dZFfgX8,,,Yes,1,0,4,0,0,0,3,1,0,9,0,0,0,0,0,0,0,0,0
QZKHc-PNQNE,,,Yes,1,0,2,2,0,0,6,0,0,11,0,0,0,0,0,0,0,0,0
Qfpj5qQr9KA,How Men Become Aziz Ansari,olurinatti,,14,135,2,1,9,0,14,1,0,176,0,0,0,0,0,0,0,0,0
QnIDZqMDh58,,,Yes,1,0,2,0,0,0,32,1,1,37,0,0,0,0,0,0,0,0,0
Qo3EehSbx8o,It's OVER For Democrat Cities,Actual Justice Warrior,Yes,2,0,1,0,5,0,4,0,0,12,0,0,0,0,0,0,0,0,0
QsHjc_usW4A,,,Yes,0,0,3,0,0,0,3,15,0,21,0,0,0,0,0,0,0,0,0
QsZMCgSUy0s,Starfleet Academy - What Is This Garbage?,The Critical Drinker,Yes,1,0,4,0,1,0,3,1,0,10,0,0,0,0,0,0,0,0,0
Qwc_LnD6ycU,Phoebe Waller-Bridge’s $100M Amazon Scam!,Culture Casino,Yes,5,0,0,0,0,0,1,0,0,6,0,0,0,0,0,0,0,0,0
R1pChcGrCPs,Superheroes Are COOKED - The Absolute State of Marvel and DC,Nerdrotic,Yes,9,1,11,0,6,2,7,7,0,43,0,0,0,0,0,0,0,0,0
R4IPQ_SK3HE,"Ironheart Trailer Gets ""ICONIC"" Ratio",Geeks + Gamers,No,3,0,3,0,12,0,1,0,0,19,0,0,0,0,1,0,0,0,1
R60kc-dq0bo,Why Sinners is Hollywood’s Worst Nightmare,olurinatti,,3,2,9,0,139,1,9,2,0,165,5,0,0,0,0,0,0,0,5
RLwCHrlcy9Y,TV Kinda Sucks Now,The Critical Drinker,Yes,3,0,1,0,0,0,3,3,0,10,0,0,0,0,0,0,0,0,0
RM2Ge_e6fBo,Starfleet Academy is a DISASTER - How Low Can it Go?,Nerdrotic,Yes,4,0,6,0,3,1,4,1,0,19,0,0,0,0,0,0,0,0,0
RMcrrKYIW-A,,,Yes,5,8,10,0,6,0,7,0,0,36,0,0,1,0,0,0,0,0,1
RN81mU3yMG4,Crash And Burn - The Amber Heard Story,The Critical Drinker,Yes,3,0,5,0,1,0,5,0,0,14,0,0,0,0,0,0,0,0,0
R_qJQx-DsK0,Biden Plans to Bring Back Critical Race Theory,The Podcast of the Lotus Eaters,No,1,1,3,0,32,0,2,0,0,39,0,0,0,0,0,0,0,0,0
RbW8pOO7eYg,,,Yes,2,0,2,0,2,1,5,0,0,12,2,0,0,0,0,0,0,0,2
ReIkWnUdNJY,Production Hell - Ghostbusters 2016,The Critical Drinker,Yes,2,0,11,0,0,0,9,2,0,24,0,0,0,0,0,0,0,0,0
RtU3DPPbEZE,,,Yes,1,0,0,0,1,0,11,0,0,13,0,0,1,0,0,0,0,0,1
RyxWCWciutM,"Affirmative Action is Gone, Now What? ​⁠| OLAY & FRIENDS",olurinatti,,15,0,12,0,283,0,20,3,0,333,0,0,0,0,0,0,0,0,0
SC2RwQHb28g,BAN HASAN FOREVER FOR THIS!,TheQuartering,Yes,4,0,6,0,1,0,8,0,0,19,0,0,0,0,0,0,0,0,0
SDBKCd71Q90,Crash And Burn - The James Corden Story,The Critical Drinker,Yes,3,0,4,0,2,0,2,0,0,11,0,0,0,0,0,0,0,0,0
SFhYfxT59d4,,,Yes,6,0,7,0,5,0,13,28,0,59,0,0,0,0,0,0,0,0,0
SMfMt-fmSIo,,,Yes,0,0,3,0,0,0,0,0,0,3,0,0,0,0,0,0,0,0,0
SOStPL2Xntc,"Are We Back, Chat",Geeks + Gamers,Yes,4,0,3,0,2,1,6,3,0,19,0,0,4,0,0,0,0,0,4
SPb0SzBPR6E,,,Yes,4,0,5,3,0,0,19,0,0,31,0,0,0,0,0,0,0,0,0
SSISNx5iki8,,,Yes,8,0,10,0,0,0,1,13,0,32,0,0,0,0,0,0,0,0,0
S_-06lZrH1c,,,Yes,0,0,8,0,7,0,1,10,0,26,0,0,0,0,0,0,0,0,0
SclgJ7ZTaiQ,Who Killed Star Wars?,Geeks + Gamers,Yes,7,0,4,0,2,0,22,0,0,35,0,0,0,0,0,0,0,0,0
SmpkdPm9eeQ,How the U.S. Keeps Losing its Wars,Three Arrows,No,73,0,4,0,3,1,10,4,0,95,0,0,0,0,0,0,0,0,0
SqFTzjVa0Pg,McDonald's Hits ROCK BOTTOM As Burger King ROASTS Them In HILARIOUS Way,TheQuartering,Yes,2,0,5,0,0,0,2,1,0,10,0,0,0,0,0,0,0,0,0
SwZq1tIIPp8,Starfleet Academy's WORST Episode - Boldly Going to Group Therapy,Nerdrotic,No,13,2,16,0,6,3,10,3,0,53,0,0,0,0,0,0,0,0,0
SxRUcxwqxJ4,,,Yes,2,0,3,0,0,0,9,2,0,16,0,0,0,0,0,0,0,0,0
T2hSaSzeKeY,Diddy Is Worse Than You Think | OLAY & FRIENDS,olurinatti,,51,21,34,0,282,1,34,2,0,425,0,0,11,1,0,0,0,0,12
T2oL0DdKWHo,Adnan Syed Is STILL 100% GUILTY,Actual Justice Warrior,Yes,50,0,9,1,2,0,11,1,0,74,0,0,0,0,0,0,0,0,0
T4we0Qbd2is,,,Yes,3,0,3,0,2,1,9,1,0,19,0,0,0,0,0,0,0,0,0
TA9tsPPEORs,,,Yes,1,1,3,0,1,0,1,0,0,7,0,0,0,0,0,0,0,0,0
TB5uXw0oS_4,War Of The Worlds - The Greatest Thing Ever Made,The Critical Drinker,Yes,0,1,5,1,0,0,13,1,0,21,0,0,0,0,0,0,0,0,0
TEdqxsIjZo0,Kendrick & Hip Hop's Beef with Drake: Round 1 | OLAY & FRIENDS,olurinatti,,26,4,20,0,155,0,22,7,0,234,0,0,0,0,0,0,0,0,0
TFfMTCDiGXY,The Mandalorian And Grogu - Does Disney Actually Hate This Movie?,The Critical Drinker,Yes,2,0,4,1,0,0,8,0,0,15,0,0,0,0,0,0,0,0,0
TLnMCzitupM,,,Yes,4,0,4,0,2,0,6,0,0,16,0,0,0,0,0,0,0,0,0
TY0IfTSHsHk,Tron: Ares - It's Complete Arse,The Critical Drinker,Yes,1,1,1,0,3,1,5,1,0,13,0,0,0,0,0,0,0,0,0
TdQW-yTrsFg,,,Yes,9,0,1,0,1,0,2,0,0,13,0,0,0,0,0,0,0,0,0
Ted1IrlzkiY,Imperialism the Highest Stage of Capitalism-CH 8: Decay of Capitalism,midwesternmarx,Yes,2,0,4,0,0,1,15,0,0,22,0,0,0,0,0,0,0,0,0
Tpj9Ydhy1nA,Cuba Submits Official Request to Join BRICS!!,midwesternmarx,Yes,3,0,0,0,0,0,1,1,0,5,0,0,0,0,0,0,0,0,0
Ts76T7tJv-U,WOKE STUDENTS JUST RUINED THEIR LIVES!,TheQuartering,Yes,15,0,0,0,0,0,4,0,0,19,0,0,0,0,0,0,0,0,0
U6_jQRXTprM,INTERVIEW with HUGO CHAVEZ TERAN on VENEZUELA'S SUCCESS AND U.S. IMPERIALISM,midwesternmarx,Yes,0,0,0,0,0,0,0,0,0,0,0,0,0,0,0,0,0,0,0
UGepJjqwUsk,,,Yes,10,2,25,0,10,2,6,7,0,62,0,0,0,0,0,0,0,0,0
UGx-ChrrwCY,,,Yes,0,0,0,0,1,0,2,0,0,3,0,0,0,0,0,0,0,0,0
UL648Ernf9s,Zionism Versus Revolutionary Yiddishland | Educate Against Genocide Class 2,midwesternmarx,Yes,82,0,5,1,39,5,95,8,1,236,0,0,2,0,0,0,0,0,2
USoy-VxpbCM,Joe Rogan and Tim Pool vs Twitter,Actual Justice Warrior,Yes,17,0,7,0,0,0,24,0,0,48,0,0,1,0,0,0,0,0,1
UUwgUCV_Txw,,,Yes,5,0,1,0,0,0,64,3,0,73,0,0,0,0,0,0,0,0,0
UjzBIdbk2zY,THEY ARE WATCHING YOU,TheQuartering,Yes,0,0,2,0,1,0,1,0,0,4,0,0,0,0,0,0,0,0,0
Ul97e5s8q5o,,,Yes,4,0,4,0,1,0,44,1,0,54,0,0,0,0,0,0,0,0,0
UojPAkCXVQ0,Grace Randolph MELTDOWN Over Brie Larson Mario Galaxy Casting,Geeks + Gamers,Yes,2,0,4,0,7,0,1,0,0,14,0,0,0,0,0,0,0,0,0
UtYVOfk7vzQ,‘Daredevil: Born Again’ Goes Straight to Hell – Marvel Will Never Learn,Nerdrotic,Yes,17,0,21,0,6,0,7,3,0,54,0,0,0,0,0,1,0,0,1
V42eRvPqVkQ,Ironheart Is an Iconic DISASTER,Nerdrotic,Yes,17,0,13,0,6,2,3,4,0,45,0,0,0,0,0,0,0,0,0
V8nSSfZPLsA,,,Yes,4,0,7,0,1,1,10,0,2,25,0,0,0,0,0,0,0,0,0
VC4sAaV1eBs,Fox News: How To Whitewash an Atrocity,Three Arrows,Yes,31,0,4,0,11,0,51,13,1,111,0,0,1,1,0,0,0,0,2
VKpc2npfY3Q,The Drinker Recommends... I Swear,The Critical Drinker,Yes,1,0,2,0,0,0,9,0,0,12,0,0,0,0,0,0,0,0,0
VNRZapESOqs,Israel Admits to Targeting Civilians,midwesternmarx,No,5,0,0,0,0,0,1,0,0,6,0,0,0,0,0,0,0,0,0
VNgYA5nngr4,,,Yes,26,0,3,0,2,6,8,0,0,45,0,0,0,0,1,0,0,0,1
VbiYrkR5joM,Hollywood is BROKEN,Nerdrotic,Yes,3,0,11,0,12,1,9,0,0,36,11,0,0,0,0,0,0,0,11
Vcbloi9B9Ew,Cop CAUGHT Stealing Sneakers,Actual Justice Warrior,Yes,8,0,2,0,15,1,17,3,4,50,0,0,2,1,0,0,0,0,3
Vkdfbh7Qed4,,,Yes,0,0,1,0,0,0,12,0,0,13,0,0,0,0,0,0,0,0,0
VoxhDA15C4Y,Hollywood is COOKED,Nerdrotic,Yes,7,0,10,0,3,1,14,4,0,39,0,0,0,0,0,0,0,0,0
W-0PKr2jWXY,Is the USA a Black Country?,midwesternmarx,No,5,0,0,0,16,0,7,0,0,28,0,0,0,0,0,0,0,0,0
WCWaEWnImbI,Nobody Cares About Ironheart,Geeks + Gamers,Yes,3,0,2,0,7,0,1,0,0,13,0,0,0,0,0,0,0,0,0
WKpt567snJo,Predator Officially FLOPS in the Box Office!,Culture Casino,Yes,7,0,1,0,0,0,2,0,0,10,0,0,0,1,0,0,0,0,1
WL0M5yP83ko,"PODCAST #1 AMERICAN SOCIALISM, VENEZUELA, AND MORE",midwesternmarx,Yes,22,0,11,0,20,8,34,2,0,97,0,0,0,0,0,0,0,0,0
Wd5Wl8mWL_Q,,,Yes,6,0,5,0,0,1,0,0,0,12,0,0,0,0,0,0,0,0,0
WdtwOMM26Bc,Starfleet Academy is AWFUL - Star Trek is Dead,Nerdrotic,Yes,19,1,10,0,6,0,15,4,0,55,0,0,0,0,0,0,0,0,0
WhB9gxYAY7s,Ana Navarro Goes FULL RACIST On Brad Polumbo,Actual Justice Warrior,No,3,4,11,0,24,0,21,0,0,63,0,0,0,0,0,0,0,0,0
WjWmfsqxfmU,Production Hell - The Exorcist,The Critical Drinker,Yes,18,0,9,0,0,2,6,10,0,45,1,0,0,0,0,0,0,0,1
Wt-E7pZLz90,,,Yes,0,0,4,0,0,0,7,1,0,12,0,0,0,0,0,0,0,0,0
WuJXVrT7et0,Eddie's Virtual 28th Birthday Party- Power Hour,midwesternmarx,Yes,20,0,17,1,15,0,56,12,0,121,2,0,0,0,0,0,0,0,2
X4ycXOtq-OA,Everyone Hates Starfleet Academy - It Gets Worse,Nerdrotic,Yes,5,0,9,0,3,1,20,2,1,41,0,0,0,0,0,0,0,0,0
X5apTaxas4Y,Antonio Gramsci on Ideology,midwesternmarx,No,0,0,1,0,0,0,4,0,0,5,0,0,0,0,0,0,0,0,0
XB04fw68cJg,Flashback: Trump calls out Bush family for Iraq War,midwesternmarx,No,5,0,0,0,13,0,18,2,0,38,0,0,0,0,0,0,0,0,0
XPs26YGXdxg,ENTITLED WOKE BRATS DESTROYED BY BURGER KING AS $30 MINIMUM WAGE BACKFIRES,TheQuartering,Yes,0,0,4,0,0,3,2,0,0,9,0,0,0,0,0,0,0,0,0
XRhTELx-2ys,,,Yes,4,0,12,0,1,0,5,0,0,22,0,0,0,0,0,0,0,0,0
XVphrchN5G4,Is There a Baby Mama Crisis in Black Hollywood? | OLAY & FRIENDS,olurinatti,,13,22,27,2,44,0,35,0,0,143,0,0,0,4,3,0,0,0,7
X_M8xEn_CFE,,,Yes,0,0,0,0,2,0,0,0,0,2,0,0,0,0,0,0,0,0,0
X_OaqRx7SWU,Marvel's Rise and Fall of the M-She-U | The Disney Plus DISASTERS,Nerdrotic,Yes,123,2,91,4,55,2,95,27,0,399,0,0,0,0,0,0,0,0,0
Xh-QVl5IUjE,,,Yes,5,0,0,0,1,0,3,1,0,10,0,0,0,0,0,0,0,0,0
Xmq6MvaKphk,Midwestern Marx Podcast #8 Talking with BayArea415 about Socialism in China,midwesternmarx,Yes,7,0,7,0,1,0,44,2,0,61,0,0,0,0,0,0,0,0,0
XoBaG_E81j8,Glen Greenwald Dismantles Ben Shapiro' On Yemen,midwesternmarx,Yes,46,0,4,0,1,0,56,5,0,112,0,0,0,0,0,0,0,0,0
XpLxSYi2BZw,It's Time To Let Star Trek Die,The Critical Drinker,Yes,6,0,2,0,1,0,0,0,0,9,0,0,0,0,0,0,0,0,0
Y07gja_21gQ,Gender Propaganda in Kindergarten,Actual Justice Warrior,No,0,2,4,0,4,1,22,0,0,33,0,0,0,0,0,0,0,0,0
Y0v9kvyORL8,President Trump SAVED Video Games,Geeks + Gamers,Yes,2,0,8,0,5,0,19,1,0,35,0,0,1,0,0,0,0,0,1
Y7Uan3Uu3uQ,Frankenstein - Guillermo del Toro's Magnum Opus?,The Critical Drinker,Yes,9,0,2,1,0,0,2,0,0,14,0,0,0,0,0,0,0,0,0
Y8MsJeThWmU,How Transphobia Hurts Black Women,olurinatti,,9,2,7,0,47,0,2,1,0,68,0,0,0,0,0,0,0,0,0
YHcsuYFlKDM,New York is Falling Apart & Here's Why,olurinatti,,59,1,1,0,27,2,21,7,0,118,0,0,0,0,0,0,0,0,0
YWmG96rdvu4,The Last Political Episode of 2024 | OLAY & FRIENDS,olurinatti,,17,0,10,0,70,2,29,2,0,130,0,0,2,0,1,0,0,0,3
YZAcN_6PDn0,The Avatar Paradox - Why Nobody Talks About These Movies,The Critical Drinker,Yes,1,0,3,0,0,0,5,0,0,9,0,0,0,0,0,0,0,0,0
YvAFRa9aPq4,How Crime Data Is Manipulated,Actual Justice Warrior,Yes,100,1,0,0,9,0,4,0,0,114,0,0,1,0,0,0,0,0,1
Z2KdvuVzVHE,"MSNBC TANKS 54%! Psaki’s Show FLOPS, Maddow’s $25M Scam!",Culture Casino,No,1,0,9,0,3,0,2,1,0,16,0,0,0,0,0,0,0,0,0
Z6rji1fKrZ8,How John Oliver can save Sargon,Actual Justice Warrior,Yes,5,0,8,0,0,0,9,0,0,22,0,0,0,0,0,0,0,0,0
ZC04SBgRQFs,The Witcher is DEAD - Season 4 is a DISASTER,Nerdrotic,Yes,19,0,16,0,5,0,6,1,0,47,0,0,0,0,0,0,0,0,0
ZCmnW7SSGUU,,,Yes,10,0,4,0,7,0,11,0,0,32,0,0,0,0,0,0,0,0,0
ZEWJIHuD1uI,Adam Ruins Everything Fails on Gun Control,Actual Justice Warrior,Yes,29,0,8,1,68,0,23,67,0,196,0,0,0,0,0,0,0,0,0
ZHglCpZwgi4,"Starfleet Academy Gets Review Bombed, and That's A Good Thing - Kurtzman Trek Keeps Hitting Bottom",Nerdrotic,Yes,12,3,6,0,9,1,9,1,0,41,0,0,0,0,0,0,0,0,0
ZL3dmItzDIs,The Witcher Season 4 is DOOMED - Netflix's 500 Million Dollar DISASTER,Nerdrotic,Yes,13,0,6,0,1,0,6,2,0,28,0,0,0,0,0,0,0,0,0
ZPSLKEs_1a4,Anita vs The Mandalorian,Actual Justice Warrior,Yes,0,0,10,0,1,0,12,0,0,23,0,0,0,0,0,0,0,0,0
ZTON5_5NH7A,Fantastic Four - This Movie Shocked Me,The Critical Drinker,Yes,3,1,4,0,0,0,6,1,0,15,0,0,0,0,0,0,0,0,0
ZvoU7VEqR7M,Biden Launches Missiles Into Syria. CNN Applauds,midwesternmarx,Yes,17,1,0,0,1,0,40,5,0,64,0,0,0,0,0,0,0,0,0
_0FKAMdP3nI,"Iran Attacked by Terrorists! Will ""lame duck"" President Trump invade Iran?",midwesternmarx,No,10,0,2,0,0,0,22,3,0,37,0,0,0,0,0,0,0,0,0
_94mKxpqFdg,,,Yes,4,0,6,0,0,2,5,0,0,17,0,0,0,0,0,0,0,0,0
_9ectEMceBk,Game Of Thrones Season 7 Ep. 1 review (Spoilers),Actual Justice Warrior,Yes,18,0,1,0,3,1,6,2,0,31,9,0,0,0,0,0,0,0,9
_BIMxxfRBX4,The little 50.000 Subscribers Q&A,Three Arrows,Yes,15,0,3,0,5,0,22,0,0,45,0,0,0,0,0,0,0,0,0
_G5YDHRys9U,What is NEW about U.S. IDEOLOGY today?,midwesternmarx,Yes,0,0,0,0,1,0,9,0,0,10,0,0,0,0,0,0,0,0,0
_M4bPbcN9TY,ACP Executives React to Liberal Election Meltdowns,midwesternmarx,Yes,3,0,5,0,0,0,11,1,0,20,0,0,0,0,0,0,0,0,0
_PELjNBkhUM,,,Yes,17,7,26,0,9,0,7,2,0,68,0,0,0,0,0,0,0,0,0
_Ux2HtHsN64,CAN TRAORE AND THE AES HELP TO FREE AFRICA? | AHMED KABALLO,midwesternmarx,Yes,34,0,2,0,5,0,39,3,0,83,0,0,0,0,0,0,0,0,0
_hSgKyjCFZs,Masters of The Universe REACTION (He/Him/Man),Geeks + Gamers,Yes,1,0,6,0,2,0,1,0,0,10,0,0,0,0,0,0,0,0,0
_m8oLpYgxmI,,,Yes,5,0,5,0,2,0,0,0,0,12,0,0,0,0,0,0,0,0,0
_zDVo6if2AI,Steam just Destroyed the New York Attorney General,Hero Hei,Yes,4,0,0,0,0,0,9,1,0,14,0,0,0,0,0,0,0,0,0
a0g0BDEid8M,Who's at Fault for the Refugee Crisis?,Three Arrows,No,14,2,5,2,5,0,15,1,0,44,0,0,0,0,0,0,0,0,0
a0tD4hmswz4,Dearborn Mayor Says Muslims Are ABOVE Assimilation,Actual Justice Warrior,Yes,19,0,14,0,28,0,21,5,4,91,0,0,0,0,0,0,0,0,0
aHP8QOHHp7c,,,Yes,19,1,3,0,4,0,6,12,0,45,0,0,0,0,0,0,0,0,0
aI6cyXovV34,EPSTEIN CLASS WANTS REGIME CHANGE IN IRAN | JENNIFER KINGS,midwesternmarx,Yes,46,45,17,2,9,0,25,2,0,146,0,0,0,0,0,0,0,0,0
aJTcBkSY_JM,Crash And Burn - The Cynthia Erivo Story,The Critical Drinker,Yes,8,0,3,0,0,1,8,0,0,20,0,0,0,0,0,0,0,0,0
aKKtJpIz02g,They Were BEGGING For Him To Be White,Actual Justice Warrior,Yes,17,0,4,0,39,0,13,1,0,74,0,0,0,0,0,0,0,0,0
aMvhVSL3cKo,Eddie Liger Smith Free Palestine Tik Tok Compilation,midwesternmarx,No,18,0,1,0,2,0,7,2,0,30,0,0,0,0,0,0,0,0,0
aV5e5xbnqiw,Marx on the Individual Part 2/2 | Weekend Podcast #26,The Podcast of the Lotus Eaters,Yes,17,0,1,0,2,0,0,0,0,20,0,0,1,0,0,0,0,0,1
afE23ZLGBKE,Carlos Garrido Reports from Caracas Venezuela,midwesternmarx,Yes,3,0,2,0,0,0,11,1,0,17,0,0,0,0,0,0,0,0,0
ahuXH5KQVt0,Red Sonja REVIEW - The Girl Boss Killed Epic Fantasy,Nerdrotic,Yes,35,1,8,0,1,0,10,0,0,55,0,0,0,0,0,0,0,0,0
ak7Ig-f4Jkw,WHY NORTH KOREA IS THE MOST FREE AND DEMOCRATIC COUNTRY ON EARTH,midwesternmarx,No,0,0,0,0,0,0,0,0,0,0,0,0,0,0,0,0,0,0,0
alTTByZLi_0,WTF is Star Wars Now?,Nerdrotic,Yes,7,8,3,0,2,0,28,0,0,48,0,0,0,0,0,0,0,0,0
asnDtCGwEn4,Black Mom FINDS OUT & Owes White Kid 3 Million After She LIED About Him & Tried To Ruin His Life,TheQuartering,Yes,4,0,4,0,11,0,11,5,0,35,0,0,0,1,0,0,0,0,1
aywbc-DIKUk,The Mandalorian Isn't Going To Save Star Wars,The Critical Drinker,Yes,6,1,3,0,1,0,7,0,0,18,0,0,0,0,0,0,0,0,0
b3RlYcsei14,,,Yes,1,0,1,0,0,0,5,0,0,7,0,0,0,0,0,0,0,0,0
b8AcmzqFdPM,Jordan Peterson Doesn't Understand Nazism,Three Arrows,No,30,0,8,0,59,1,43,2,0,143,0,0,0,1,0,0,0,0,1
bBj6CVPz9_Q,Marxist Materialism: A Philosophical Development,midwesternmarx,Yes,5,0,2,0,1,0,2,0,0,10,0,0,0,0,0,0,0,0,0
bKNJcgWazNQ,,,Yes,2,3,26,0,9,0,2,10,0,52,0,0,0,1,2,0,0,0,3
bKwXuwuAOFw,When the U.S. Asked Israel for Advice on Occupying Iraq,midwesternmarx,Yes,6,0,0,0,0,0,6,1,0,13,0,0,0,0,0,0,0,0,0
bLTgFZi-0Z8,Tech Giants FIRE Woke Employees,Actual Justice Warrior,Yes,1,4,4,0,4,0,17,2,0,32,0,0,0,0,0,0,0,0,0
bUMpdmaa-Kg,Probably Cancelled | Multipolarity Rising | Russia's Relations w/DPRK&Vietnam | Don Courter,midwesternmarx,Yes,15,3,6,4,4,1,54,10,0,97,0,0,0,1,0,0,0,0,1
bVfIhLwIguo,Production Hell - Groundhog Day,The Critical Drinker,Yes,1,0,4,0,1,0,2,2,0,10,2,0,0,0,0,0,0,0,2
bWhkVIfk9lU,"Critical Drinker Gets Copyright Blocked Over ""Why The Last Of Us Is Falling Apart"" Video",Geeks + Gamers,Yes,0,0,2,0,0,0,18,0,0,20,0,0,0,0,2,0,0,0,2
bknH4NFM_YU,Noah's Show | Noah Humiliates a Neo-n*zi and More!,midwesternmarx,Yes,23,1,17,3,24,0,27,5,0,100,3,0,0,0,0,0,0,0,3
bknae1M_YAk,,,Yes,2,0,0,0,0,0,4,4,0,10,0,0,0,0,0,0,0,0,0
bnaNg6EQjZw,"TS Madison on Relatability, Haters, Beyonce, Mo'Nique & Taking Up Space | ICONIC INTERVIEW",olurinatti,,3,4,14,1,49,0,1,5,0,77,0,0,1,0,0,0,0,0,1
c2K1TfMFuNo,Hasan Piker Calls the ACP Federal Agents at Cambridge University,midwesternmarx,Yes,54,0,38,0,19,0,96,4,1,212,0,0,3,0,0,0,0,0,3
cEFTxxx9Z4k,Unpacking Kamala's Run & Ana Kasparian's Grift | OLAY & CHILL,olurinatti,,15,0,14,1,120,0,23,1,0,174,0,0,0,0,0,0,0,0,0
cPNzm0UJ3MA,Mission: Impossible The Final Reckoning REVIEW - A Disappointing End,Nerdrotic,Yes,9,0,7,0,0,1,11,2,0,30,0,0,0,0,0,0,0,0,0
cTuSqDK3_4A,,,Yes,9,0,5,0,1,1,11,2,0,29,0,0,0,0,0,0,0,0,0
cUhY_gefO4c,Why Serial Killers Aren’t “Monsters”,olurinatti,,216,24,34,7,35,5,151,6,2,480,0,0,7,1,0,0,0,0,8
cyDrWQhpMWI,Stranger Things Secret Episode 9 BOMBSHELL,Geeks + Gamers,Yes,11,0,14,0,0,0,5,5,0,35,0,0,0,0,0,0,0,0,0
d6BWn6dGN2U,Newsweek Claims Roger Goodell Facing Calls to Be Fired!,Culture Casino,Yes,0,0,1,0,2,0,1,0,0,4,0,0,0,0,0,0,0,0,0
d9hKTD29YyE,Audience CANCELS Disney,Culture Casino,No,1,0,1,0,0,0,3,1,0,6,1,0,0,0,0,0,0,0,1
dBfYoBKFCS8,,,Yes,10,0,1,0,0,0,1,2,0,14,0,0,0,0,0,0,0,0,0
dDyhSMW6jgE,Kendrick & Hip Hop’s Beef with Drake: Round 3 | OLAY & FRIENDS,olurinatti,,14,5,9,0,25,1,7,3,0,64,1,0,6,0,0,0,0,0,7
dLZ3IVhZyo4,"Foreign on Being a Progressive Bahamian, Caribbean Values & American Audiences",olurinatti,,9,0,19,0,42,1,10,0,0,81,0,0,9,0,0,0,0,0,9
dUtP02VQgLE,,,Yes,0,0,1,0,0,0,0,1,0,2,0,0,0,0,0,0,0,0,0
dzk0yH9Achw,Snow White - It's Even Worse Than I Expected,The Critical Drinker,Yes,4,0,10,0,18,1,11,1,0,45,17,0,0,0,0,0,0,0,17
e4b3aOFjqUk,"PODCAST #5: HUEY NEWTON""S REVOLUTIONARY SUICIDE, BLACK PANTHERS, AND MORE",midwesternmarx,Yes,64,4,16,0,76,17,40,3,0,220,0,0,0,2,0,0,0,0,2
eEJsv7NStgI,Why is Everyone Hating on Angel Reese?,olurinatti,,8,12,5,0,48,2,10,1,0,86,0,0,0,0,0,0,0,0,0
eGezteFIq8I,Disney's Snow White Flop Could CANCEL Frozen 3 & Rey Skywalker Star Wars Movie,Culture Casino,No,1,0,0,0,9,0,3,1,0,14,9,0,0,0,0,0,0,0,9
eGu1kSLwAlg,,,Yes,1,0,0,0,0,0,0,0,0,1,0,0,0,0,0,0,0,0,0
eLBfjvzPUP4,Men For Kamala Ad Is The WORST,Actual Justice Warrior,Yes,4,1,4,0,4,0,4,0,0,17,0,0,0,0,0,0,0,0,0
ePK6zWdjRMA,,,Yes,11,0,3,0,1,0,6,2,0,23,1,0,0,0,0,0,0,0,1
eQ3BfpWVfQE,The Asmongold Mythic Talent situation is Crazy,Hero Hei,Yes,0,0,0,0,2,0,0,0,0,2,0,0,0,0,0,0,0,0,0
e_CfPQ8znRE,Jussie Smollett Convicted Of HOAX,Actual Justice Warrior,Yes,25,0,5,0,36,2,23,1,0,92,0,0,0,0,0,0,0,0,0
eitZZmeuNZk,Crash And Burn - The Kristen Stewart Story,The Critical Drinker,Yes,1,0,5,1,3,0,3,0,0,13,2,0,0,0,0,0,0,0,2
ejdlkfXwPQc,Were the Crusades Defensive?,Three Arrows,Yes,105,1,11,1,22,0,61,6,4,211,0,0,0,0,0,0,0,0,0
eqZzdjU1xUg,Why They Hate The Lord of the Rings - The Scouring of Tolkien,Nerdrotic,Yes,11,0,2,0,26,1,17,0,0,57,0,0,0,0,0,0,0,0,0
ewr-XBZwyzA,Minnesota Judge Says Somalis Have A RIGHT TO STEAL,Actual Justice Warrior,Yes,4,0,11,0,1,0,28,0,0,44,0,0,0,0,0,0,0,0,0
f0Dl4m9bN1w,,,Yes,1,0,0,0,10,0,3,0,0,14,0,0,0,0,0,0,0,0,0
fBawKNeZbqc,Joe Rogan On Gaddafi & Libya,midwesternmarx,Yes,6,0,0,0,0,0,0,0,0,6,0,0,0,0,0,0,0,0,0
fDJTiMGjELw,,,Yes,4,0,2,1,1,0,18,0,0,26,0,0,0,0,0,0,0,0,0
fEW_p3uvk6g,,,Yes,3,0,5,0,7,0,28,0,0,43,1,0,0,0,0,0,0,0,1
fGvqf-UcXL4,,,Yes,3,0,3,0,6,0,1,1,0,14,0,0,0,0,0,0,0,0,0
fIqdMDe2pjs,Why Greg Abbott is The Most Dangerous Man in America,olurinatti,,93,25,18,3,60,6,165,73,2,445,0,0,0,2,0,0,0,0,2
fJsJHrO66Y4,LIBERALS RAGE AS TEAM USA DEFEATS CANADA IN HOCKEY AT OLYMPICS & DONALD TRUMP HAS HILARIOUS RESPONSE,TheQuartering,Yes,2,0,4,1,4,0,7,0,0,18,0,0,1,0,0,0,0,0,1
fez_4ahU0yc,,,Yes,7,0,7,0,6,0,1,1,0,22,6,0,0,0,0,0,0,0,6
fnqrarfzGSA,Black LGBT People are Still Black | OLAY & FRIENDS,olurinatti,,52,4,12,0,196,1,21,2,0,288,0,0,0,0,0,0,0,0,0
fp_GOiz5MV0,Donald Trump Just FIRED Kristi Noam After EMBARASSING Department Of Homeland Security Scandal!,TheQuartering,Yes,6,2,1,0,0,0,1,2,0,12,0,0,0,0,0,0,0,0,0
fvSzQMNhlfk,"Conscious Lee on TikTok Fame, The Value of Education, Controversy, Accountability & Afro-Pessimism",olurinatti,,37,1,40,0,149,1,14,0,0,242,0,0,3,0,0,0,0,0,3
g449rPJYL-g,Thunderbolts WTF Was That,Geeks + Gamers,Yes,2,0,8,0,3,0,3,0,0,16,0,0,0,0,0,0,0,0,0
g7k80zLny6U,James Gunn's DCU Is Falling Apart,The Critical Drinker,Yes,2,0,3,0,0,2,3,24,0,34,0,0,0,0,0,0,0,0,0
g8KgCy9Mc4M,Comedian Arrested for JOKES - Free Speech is DEAD in the UK,Nerdrotic,Yes,8,1,8,0,6,0,9,1,0,33,0,0,0,0,0,0,0,0,0
gLJKTo2cj6s,,,Yes,0,0,3,0,0,0,6,0,0,9,0,0,0,0,0,0,0,0,0
gNfvSqHk-8U,Probably Cancelled | Burning Man is an Inside Job: Psychedelic Culture as Bio-Warfare w/John Potash,midwesternmarx,No,49,6,9,7,31,3,33,11,1,150,1,0,0,0,0,0,0,0,1
gQZpuJPA8R8,Daredevil: Born Again REVIEW,Nerdrotic,Yes,11,0,6,0,3,1,10,3,0,34,0,0,0,0,0,0,0,0,0
gUHU0lNgKXY,Sweden is a War Zone,The Podcast of the Lotus Eaters,Yes,49,2,7,0,1,0,11,9,0,79,0,0,0,0,0,0,0,0,0
gWYci7LKUIY,Nerdrotic and Critical Drinker ATTACKED Over Starfleet Academy DISASTER,Geeks + Gamers,Yes,1,0,4,0,4,0,1,0,0,10,0,0,0,0,0,0,0,0,0
gfHXJRqq-qo,Guns in the Third Reich - A Response to Ben Shapiro and Others,Three Arrows,Yes,46,1,6,0,46,0,26,53,0,178,0,0,0,0,0,0,0,0,0
ggFJ_kpqhUs,Cenk's EPIC Tim Pool Meltdown Live Reaction With @AlfBenny,Actual Justice Warrior,Yes,71,46,102,0,35,5,42,20,0,321,0,0,1,1,0,0,0,0,2
gia_Qs-xAko,,,Yes,2,0,2,1,0,0,9,1,0,15,0,0,0,0,0,0,0,0,0
grd35B5dl9Y,The 7 Deadly Sins of Black Politicians,olurinatti,,63,0,13,4,159,0,50,19,0,308,0,0,0,0,0,0,0,0,0
gwEX06eLhCk,,,Yes,1,0,2,0,7,0,7,1,0,18,0,0,0,0,0,0,0,0,0
gyFTPYmlx3Q,THE CONTROLLED OPPOSITION OF ZOHRAN MAMDANI | NIKO HOUSE,midwesternmarx,Yes,32,1,23,0,41,0,49,7,0,153,1,0,10,0,0,0,0,0,11
h-reYV5NteM,How a TikTok Star Ended Up in Prison,olurinatti,,40,8,4,1,0,2,28,7,1,91,0,0,0,1,0,0,0,0,1
hAzJPldtt3Y,"Jamaal Bowman on the Influence of AIPAC, Calling for a Ceasefire, Reparations & Reelection",olurinatti,,28,0,7,0,73,2,48,6,0,164,0,0,4,1,0,0,0,0,5
hBGU6bwB60k,What is Abolition?,olurinatti,,55,24,1,0,5,0,22,0,0,107,0,0,0,0,0,0,0,0,0
hTCsNrC1_LU,BBC TV License Enforcement Officers Come Knocking at my Door as License Fee Payers Collapse!,HeelvsBabyface,Yes,1,0,2,0,0,0,3,0,0,6,0,0,0,0,0,0,0,0,0
hUFvG4RpwJI,Was Hitler a Socialist?,Three Arrows,Yes,21,0,2,0,141,2,19,9,0,194,0,0,0,0,0,0,0,0,0
hUYprCCnAnE,Woke Artist DEMANDS You Worship Black Women,Actual Justice Warrior,Yes,0,0,8,0,36,0,3,0,0,47,0,0,0,0,0,0,0,0,0
hVU4pMnUQV4,,,Yes,1,2,4,0,5,0,2,2,0,16,0,0,0,0,0,0,0,0,0
hV_pjx5HRX0,From MLK's Civil Rights Movement to Fain and the UAWs New Labor Movement,midwesternmarx,Yes,6,0,1,0,16,0,14,0,0,37,0,0,0,5,0,0,0,0,5
hXW0AaStXf0,The Bride! - It Sucks!,The Critical Drinker,Yes,3,1,4,0,0,0,2,1,0,11,0,0,0,0,0,0,0,0,0
hYjNLp6QXAY,Biden Victory Means 4 Years of Trump Support Wasted for UK-US Trade Deal,The Podcast of the Lotus Eaters,Yes,2,0,2,0,5,0,4,0,0,13,0,0,0,0,0,0,0,0,0
ha59Y-Cu2Ww,PANIC as CNBC Layoffs Hit and  PBS COLLAPSES,Culture Casino,Yes,1,0,0,0,0,0,0,0,0,1,0,0,0,0,0,0,0,0,0
heQXp3P1VWI,The BAFTA's Showed Us Who People Really Are,The Critical Drinker,Yes,1,0,2,0,2,0,0,0,0,5,0,0,0,0,0,0,0,0,0
hjunt0aem7A,KARMELO ANTHONY GETS BRUTAL NEWS!,TheQuartering,Yes,6,1,5,2,9,0,24,1,0,48,0,0,0,0,0,0,0,0,0
hklsd1XY1To,The Savant - The Ultimate Karen Power Fantasy?,The Critical Drinker,Yes,1,0,7,0,5,0,2,0,0,15,0,0,0,0,0,0,0,0,0
hmipo-dntK8,The WOKE Smoothie Backfire Has GONE NUCLEAR! Multiple Apologies & New Locations Busted!,TheQuartering,Yes,0,0,5,1,4,0,3,0,0,13,0,0,0,0,1,0,0,0,1
hqqZRB3xRzU,Disney Doubles Down,Star Wars Theory,Yes,0,0,0,0,0,0,1,0,0,1,0,0,0,0,0,0,0,0,0
hsACXExBwyg,,,Yes,2,1,6,0,2,0,3,1,0,15,0,0,0,0,0,0,0,0,0
hvLAtst7SgU,FAT ACCEPTANCE HAS GONE TOO FAR,TheQuartering,Yes,0,0,12,0,1,0,1,0,0,14,0,0,0,0,0,0,0,0,0
i2X8tQlPeYo,The Smashing Machine - A Knockout For The Rock?,The Critical Drinker,Yes,3,0,3,0,0,2,7,0,0,15,0,0,0,0,1,0,0,0,1
i5FeXFXJhrQ,John Oliver Knows He's F*CKED After Paramount Buys HBO...,Clownfish TV,Yes,1,0,16,0,1,0,5,0,0,23,0,0,0,0,0,0,0,0,0
i6KC07x7gWo,,,Yes,3,0,20,1,2,0,7,2,0,35,0,0,0,0,1,0,0,0,1
i71eQ-7BJR8,The Bride - A Feminist FLOP,Nerdrotic,Yes,13,0,0,0,3,1,2,4,0,23,0,0,0,0,0,0,0,0,0
iMf3SV6aHNY,12 Year Old Arrested For Hate Crime,Actual Justice Warrior,Yes,21,0,1,0,30,0,24,0,0,76,1,0,0,0,0,0,0,0,1
iQaqIbXFnHM,"Disney's Self-Inflicted ""Boy Trouble""",The Critical Drinker,Yes,3,1,7,0,2,0,5,3,0,21,0,0,0,0,0,0,0,0,0
iYTuwtw7yvw,Diddy is Going to Prison | OLAY & FRIENDS,olurinatti,,50,80,24,0,39,0,41,2,0,236,0,0,1,3,0,0,0,0,4
i_vFXfhfv9o,,,Yes,0,0,3,0,1,0,1,1,0,6,0,0,0,0,0,0,0,0,0
ic6cfnWyxh4,,,Yes,1,0,4,0,0,0,8,0,0,13,0,0,0,0,0,0,0,0,0
ig0yFkcy1eU,Is the Harry Potter Show COOKED? More Bad News,Nerdrotic,Yes,6,0,4,0,29,0,14,0,0,53,0,0,0,0,0,0,0,0,0
iwXD625QpRI,The Detrans Wave Is Coming,The Podcast of the Lotus Eaters,Yes,6,9,4,0,6,6,29,0,0,60,0,0,0,0,0,0,0,0,0
jHamtTDi46g,,,Yes,5,1,5,0,3,0,8,0,0,22,0,0,0,0,0,0,0,0,0
jNDWnMfDnuw,Top 5 Hollywood DISASTERS of 2025,Nerdrotic,Yes,21,0,21,0,35,1,18,2,0,98,9,0,0,0,0,0,0,0,9
jPPIKg64JnQ,,,Yes,21,0,3,0,1,0,10,0,0,35,0,0,0,0,0,0,0,0,0
jSSU1QUAAlQ,Why SJW Characters Fail,Actual Justice Warrior,Yes,6,0,7,0,1,0,14,4,0,32,0,0,0,0,0,0,0,0,0
jfKkMaWGO_0,,,Yes,0,0,4,0,0,0,0,0,0,4,0,0,0,0,0,0,0,0,0
jkIHmVqdQEU,Every Marvel Phase Four Movie Reviewed,The Critical Drinker,Yes,98,2,45,1,34,0,66,12,0,258,0,0,0,2,0,0,0,0,2
jprDE87Ec58,Unhinged WOKE Teacher FIRED Today After Being Secretly Recorded In WILD Rant & Threatening Students,TheQuartering,Yes,4,0,6,0,1,0,9,0,0,20,0,0,1,0,0,0,0,0,1
jxSJsFD-jKo,"The Witcher Season 4 - A Show So Awful, It Broke Me",The Critical Drinker,Yes,5,1,8,0,3,0,7,0,0,24,0,0,0,0,0,0,0,0,0
jz_7uiTDdyo,The Acolyte: Killed by YouTubers?,Nerdrotic,Yes,5,0,6,0,8,0,37,1,0,57,0,0,0,0,0,0,0,0,0
jzhuS6e7OcI,Most Absurd Debate Ever? Explaining Browderism to an ACP Hater,midwesternmarx,Yes,4,0,4,0,6,0,6,0,0,20,0,0,0,0,0,0,0,0,0
k9YNL7mzcfM,The GREAT 10.000+ Subscriber Q&A!,Three Arrows,Yes,45,2,2,0,13,0,8,1,0,71,0,0,0,0,0,0,0,0,0
kEh-lDPLEIw,Communist Leaders Tier List- Part 2,midwesternmarx,Yes,23,0,15,0,7,1,33,4,0,83,0,0,0,0,0,0,0,0,0
kL_zFC2EcXk,Ghosts of Plum Run. Audiobook and Analysis. Part. 1,midwesternmarx,Yes,28,0,3,0,2,1,10,2,0,46,0,0,0,0,0,0,0,0,0
kS2_YFbzAVs,What People get Wrong about the Bombing of Dresden,Three Arrows,Yes,29,0,11,0,17,0,24,2,0,83,0,0,0,0,0,0,0,0,0
k_SzyAZ4Rek,Crash And Burn - The Joss Whedon Story,The Critical Drinker,Yes,4,0,3,0,0,0,5,0,0,12,0,0,0,0,0,0,0,0,0
kcwcG_gAL9s,Disney KNOWS The Mandalorian and Grogu Can't Save Star Wars.,Clownfish TV,Yes,0,0,16,0,8,0,13,1,0,38,0,0,0,0,1,0,0,0,1
knW41llP6dg,,,Yes,1,0,2,0,0,0,4,1,0,8,0,0,0,0,0,0,0,0,0
kooGsWhKvIY,"Jarvis tells his Origin Story, how he became a YouTuber, Sad Boyz, and Surviving the Internet",olurinatti,,25,2,37,1,26,0,21,1,0,113,0,0,1,1,0,1,0,0,3
krvrN0hsoXY,"""Shut The F**K Up"" - CM Punk Slams Woke WWE Fans | IWC Meltdown",Geeks + Gamers,Yes,2,0,3,0,0,1,2,0,0,8,0,0,0,0,1,0,0,0,1
kw-j4kvZook,The Harry Potter Show is DOA - Snape Casting BACKLASH,Nerdrotic,Yes,3,0,5,0,20,0,7,0,0,35,0,0,0,0,1,0,0,0,1
l6biNS2PK7g,Woke Hollywood RAGES After Feminist Frankenstein Movie The Bride TANKS At Box Office,TheQuartering,Yes,9,0,3,0,0,0,0,0,0,12,0,0,0,0,0,0,0,0,0
lBRmrid2iJo,,,Yes,3,0,4,1,5,0,1,2,0,16,2,0,0,0,0,0,0,0,2
lBc3HJapC1k,,,Yes,0,0,0,0,0,0,0,0,0,0,0,0,0,0,0,0,0,0,0
lJnutq4zIIY,Why Clarence Thomas Shouldn’t Be on The Supreme Court,olurinatti,,1,1,2,0,11,0,16,0,0,31,0,0,0,0,0,0,0,0,0
lLOQRG4vcT4,Why Everybody Hates Eric Adams,olurinatti,,133,2,17,0,165,6,109,19,0,451,0,0,1,0,0,3,0,0,4
lNip3ktaRak,,,Yes,6,0,2,0,2,0,2,0,0,12,0,0,0,0,0,0,0,0,0
lb4hNiFMgtw,"""F*ck Ppl That Try To Scare You"" - Disney Actor Pedro Pascal ATTACKS Fans Again",Geeks + Gamers,Yes,0,0,5,0,2,0,1,0,0,8,0,0,0,0,0,0,0,0,0
lfywtK2Xif0,,,Yes,0,0,1,0,1,0,3,0,0,5,2,0,0,0,0,0,0,0,2
lgtX4NgU8OA,,,Yes,6,0,3,0,0,0,3,22,0,34,0,0,0,0,0,0,0,0,0
lqPhm7klMdQ,,,Yes,0,0,6,0,0,1,3,0,0,10,0,0,0,0,0,0,0,0,0
m4oAhjUhC4U,,,Yes,15,0,3,0,0,1,13,1,0,33,0,0,0,0,0,0,0,0,0
m6CBGDFJ4lM,"Drake, DJ Akademics & Diaspora Discussions | OLAY & FRIENDS",olurinatti,,16,6,28,1,396,0,27,1,0,475,0,0,0,0,0,0,0,0,0
mBdoixPpIdc,CHINA AND THE TRUMP ADMINISTRATION | Escaping the Cave | Ft. Haz Al-Din,midwesternmarx,Yes,4,0,1,0,0,0,6,0,0,11,0,0,0,0,0,0,0,0,0
mGUxNg-n69U,FOLLOW THE MONEY,midwesternmarx,No,2,0,0,0,0,0,2,0,0,4,0,0,0,0,0,0,0,0,0
mGcQRQ3wqsk,PSYCHO WOKE NURSE IS IN HUGE TROUBLE! SHE MUST BE FIRED TODAY,TheQuartering,Yes,3,2,0,0,0,0,12,0,0,17,0,0,0,0,2,0,0,0,2
mGhYcKMEGK0,BOMBSHELL in the Diddy Case! This is the END!,Culture Casino,Yes,2,0,2,0,2,0,8,1,0,15,0,0,0,0,0,0,0,0,0
mHZGAzcHZkM,Creepy Jared Leto Is in the Spotlight and the FILES,Culture Casino,Yes,4,2,0,0,0,0,3,0,0,9,1,0,0,0,0,0,0,0,1
mKoVqCG0T_E,The Force Awakens - How Disney Destroyed Star Wars,Nerdrotic,Yes,59,0,25,0,9,0,61,16,0,170,0,0,0,0,0,0,0,0,0
mXGIJnvh6dg,,,Yes,0,1,6,1,3,1,1,3,0,16,0,0,0,0,0,0,0,0,0
mz7hhS-z-SU,AOC DECLARES WAR On Young White Men,Actual Justice Warrior,Yes,7,0,9,0,39,0,22,0,0,77,0,0,0,0,0,0,0,0,0
n9FTqPQ06eY,Why Marxism-Leninism and the ACP are the Answers for America | Noah Khrachvik and Carlos Garrido,midwesternmarx,Yes,28,1,19,0,52,0,39,4,0,143,0,0,1,0,0,0,0,0,1
nHP_4ZBx9FM,,,Yes,4,0,2,0,0,0,28,48,0,82,0,0,0,0,0,0,0,0,0
nHfnePG3LKE,Red Sonja - How Is This Movie Real?,The Critical Drinker,Yes,9,0,4,0,2,0,14,1,0,30,0,0,0,0,0,0,0,0,0
nIROAM74s78,Shelby Oaks - Did I Get Stuckmanized?,The Critical Drinker,Yes,3,0,4,0,0,1,3,1,0,12,0,0,0,0,0,0,0,0,0
nIjizT8LikI,Marx Defeating Dogmatism: Studies Beyond the Unilateral Theory of History,midwesternmarx,Yes,8,0,12,0,0,0,2,0,0,22,0,0,0,0,0,0,0,0,0
nJwlHqZkPVE,David Pakman's RIDICULOUSNESS; Eddie Liger on the Jaybefaunt Show,midwesternmarx,Yes,15,0,35,2,19,1,37,2,0,111,0,0,1,1,3,0,0,0,5
nSNzuxZVokM,YouTuber Markiplier Embarrasses Hollywood with Debut Film!!,HeelvsBabyface,Yes,0,0,2,0,0,0,0,0,0,2,0,0,0,0,0,0,0,0,0
n_Akh3Av-iw,Shoe0nhead's Life is being Threatened Now,Hero Hei,Yes,1,0,3,0,3,0,1,0,0,8,0,0,0,0,0,0,0,0,0
ndWnn3Ux5JM,"No More Star Wars For You, Rian",The Critical Drinker,Yes,5,0,1,0,0,0,15,1,0,22,0,0,0,0,0,0,0,0,0
ni41QPBUR8o,Paramount Wins - This Is HUGE,The Critical Drinker,Yes,1,1,2,0,3,0,2,0,0,9,0,0,0,0,0,0,0,0,0
nj0ZcSL-zGI,The Silencing of Palestine,olurinatti,,71,1,10,0,136,2,32,6,1,259,0,0,0,0,0,1,0,0,1
njWf6oa1pqk,Why Eric Adams is NOT The Hip Hop Mayor,olurinatti,,17,0,0,0,4,0,19,14,0,54,0,0,0,0,0,0,0,0,0
nmS3Wdx_DdU,Intergalactic Game Goes FULL Last Of Us 2,Geeks + Gamers,Yes,1,0,1,0,11,0,10,0,0,23,0,0,0,0,0,0,0,0,0
nme-7S_u1WU,Libertarian VS Communist Debate: Eddie Liger Smith & Matt Connolly vs Bean & SerbianVoluntarist,midwesternmarx,Yes,98,1,22,0,12,4,53,6,0,196,0,0,0,4,0,0,0,0,4
nvVVyXLlkL0,State and Revolution: Ch 4- Engels Criticism of Opportunists and Social Democrats Pt 4-6,midwesternmarx,Yes,1,0,1,0,4,0,16,2,0,24,0,0,0,0,0,0,0,0,0
o5wS_aIK1pY,Gamers just obtained TOTAL VICTORY,Hero Hei,Yes,6,0,4,0,0,0,0,0,0,10,0,0,0,0,0,0,0,0,0
oG5EpzGmAtA,How “This Didn’t Age Well” Destroyed Media Literacy,olurinatti,,25,59,42,0,25,1,35,2,0,189,0,0,1,1,0,0,0,0,2
oL8mThS1BeE,Marx on the Individual Part 1/2 | Weekend Podcast #25,The Podcast of the Lotus Eaters,Yes,3,4,10,0,1,0,5,0,0,23,0,0,0,0,0,2,0,0,2
oL9DVyJlAkM,,,Yes,40,1,20,2,2,1,14,10,0,90,0,0,0,0,0,0,0,0,0
oLtzh4xP9SE,Woke Asians DESTROYED On Vice Panel,Actual Justice Warrior,Yes,13,0,18,0,109,0,13,0,0,153,0,0,0,0,0,0,0,0,0
oQ-7K--gDP0,Parenti on the good parts of the USA,midwesternmarx,Yes,4,0,0,0,4,0,22,0,0,30,0,0,0,0,0,0,0,0,0
oQKDkJus62o,This is INSANE,Geeks + Gamers,Yes,3,0,3,1,2,0,1,0,0,10,0,0,0,0,0,0,0,0,0
oQSxgWkSI5g,DON LEMON JUST GOT MORE HORRIBLE NEWS & I LOVE IT! (FIXED),TheQuartering,Yes,1,0,3,0,0,0,15,0,0,19,0,0,0,1,0,0,0,0,1
oRfU1RscGW8,The Bungie canceling Marathon situation is Tragic,Hero Hei,Yes,0,0,0,0,0,0,0,1,0,1,0,0,1,0,0,0,0,0,1
oSQLK2159mk,Black Ops 7 is a Total DISASTER,Geeks + Gamers,Yes,2,0,2,0,23,0,2,0,0,29,0,0,0,0,0,0,0,0,0
oTWZXQv0PyM,Chicago Mayor Blames Whites For Black On White Crime,Actual Justice Warrior,Yes,40,0,7,0,16,0,27,0,0,90,0,0,0,1,0,0,0,0,1
oV3OQvIm1W4,,,Yes,0,0,10,0,1,0,3,3,0,17,0,0,0,0,0,1,0,0,1
oh6SlcIqIfI,Tom Cotton Visits Fox to Spew Conspiracies About China,midwesternmarx,No,11,0,3,0,3,1,16,0,0,34,0,0,0,0,0,0,0,0,0
ojEXW60PXSE,,,Yes,7,0,13,0,0,0,10,0,0,30,0,0,0,0,0,0,0,0,0
okYYHwO3Ijs,Starfleet Academy - This Show Is Pure Torture,The Critical Drinker,Yes,5,0,2,0,3,1,6,0,0,17,0,0,0,0,0,0,0,0,0
owcW-hKj8S8,Crash And Burn - The Taika Waititi Story,The Critical Drinker,Yes,3,0,7,0,0,0,7,2,0,19,0,0,0,0,0,0,0,0,0
p3oXzw97neo,The LA Streamer Clique just got Destroyed,Hero Hei,Yes,0,0,1,0,2,1,0,0,0,4,0,0,0,0,0,0,0,0,0
p6drtS2FBWU,California doxxing PC Users situation is Crazy,Hero Hei,Yes,0,0,0,0,0,0,1,0,0,1,0,0,0,0,0,0,0,0,0
pB5yG-yHbb4,Travis Scott RUINS WrestleMania 41 John Cena vs Cody Rhodes,Geeks + Gamers,Yes,0,0,2,0,0,0,2,0,0,4,0,0,0,0,0,0,0,0,0
pGWT1TdL1LM,Marvel PANICS Over Thunderbolts Box Office - The NEW Avengers Are Here!,Geeks + Gamers,Yes,0,0,6,0,0,0,1,0,0,7,0,0,0,0,0,0,0,0,0
pGfRYNS6u18,,,Yes,18,0,3,0,0,0,11,0,0,32,0,0,0,0,0,0,0,0,0
pIF543-GLb4,How The Supreme Court is Destroying America,olurinatti,,1,3,0,0,21,0,21,0,0,46,0,0,0,0,0,0,0,0,0
pQ5itnsSPqk,,,Yes,1,0,1,0,2,0,18,0,0,22,0,0,0,0,0,0,0,0,0
pS0ZFhu0oq8,"Well, Well, Well, if It Isn’t the Consequences of My Own Actions",The Podcast of the Lotus Eaters,Yes,5,0,7,1,15,0,26,0,0,54,0,0,0,1,0,0,0,0,1
pc1WsTJlRJY,Hasan just got caught Again (aint no way),Hero Hei,Yes,1,0,3,0,0,0,3,1,0,8,0,0,0,0,0,0,0,0,0
plrEiWOGjI0,James Gunn's Superman Rumored Story Sounds TERRIBLE,Geeks + Gamers,Yes,2,0,4,0,3,2,1,31,0,43,0,0,0,0,0,0,0,0,0
pqV5AQUZUlU,,,Yes,0,0,1,0,2,0,15,0,0,18,0,0,0,0,1,0,0,0,1
pqWOgxChXh8,"Woke Hollywood LOST, and That's a GREAT Thing",Nerdrotic,Yes,5,0,9,0,20,0,15,0,0,49,0,0,0,0,0,0,0,0,0
ptyng78A0jk,Matt Walsh and How Republicans Lost,Three Arrows,Yes,24,5,12,1,12,5,43,13,0,115,0,0,0,0,1,0,0,0,1
pvsqDF1VqUk,,,Yes,1,0,1,0,1,0,1,0,0,4,0,0,0,0,0,0,0,0,0
pxpG7XWhaE4,"Drinker's Roundup - Return To Silent Hill, The Rip, Mercy",The Critical Drinker,Yes,8,0,4,0,1,0,5,0,0,18,0,0,0,0,0,0,0,0,0
pybHApgtV5U,,,Yes,4,0,5,0,0,0,3,0,0,12,0,0,0,0,0,0,0,0,0
q5Joj2FsTWY,State and Revolution: Ch 4- Explanation by Engels and Critique of Anarchism. Pt1-3,midwesternmarx,Yes,6,0,3,0,4,0,14,0,0,27,0,0,0,1,0,0,0,0,1
qIzRD9NNi0o,,,Yes,0,0,5,0,1,0,3,1,0,10,0,0,1,0,0,0,0,0,1
qNzvjcgnSsI,Last of Us Season 2 Gets WORSE,Geeks + Gamers,Yes,1,0,1,0,0,0,5,0,0,7,0,0,0,0,0,0,0,0,0
qPsiWQq51dg,Jimmy Kimmel RAGES As He Accidently Reignites Jeffrey Epstein Connection After Trump Meltdown,TheQuartering,Yes,2,0,7,0,1,0,2,0,0,12,0,0,0,0,0,0,0,0,0
qUlzPYfE3-o,,,Yes,2,0,6,0,7,0,7,1,0,23,0,0,0,0,0,0,0,0,0
qZ5VFLguhh4,Donald Trump Has KILLED Iran's Supreme Leader! Matt Walsh & More Weigh In on WW3,TheQuartering,Yes,7,0,0,0,0,0,30,1,0,38,0,0,0,0,0,0,0,0,0
qdKtLs0cnjg,Is There Hope for The Black Vote? | OLAY & FRIENDS,olurinatti,,22,1,33,2,166,0,38,3,0,265,0,0,7,0,1,0,0,0,8
qlVZFdIH3us,HIS DEFENSE JUST MELTED DOWN,TheQuartering,Yes,1,0,5,0,0,0,22,0,0,28,0,0,0,0,0,0,0,0,0
qlrpSpwxgWw,"How ""Cultural Marxism"" became the Far-Right's Scapegoat",Three Arrows,Yes,13,1,4,0,15,1,7,0,0,41,0,0,0,0,0,0,0,0,0
qql0BuorL3g,Joe Rogan Destroys Adam Ruins Everything,Actual Justice Warrior,Yes,0,0,5,3,1,0,35,0,0,44,0,0,0,0,0,0,0,0,0
qsd0MgTUvuI,,,Yes,3,0,5,0,1,0,1,4,0,14,0,0,0,0,0,0,0,0,0
qvUMotra64c,,,Yes,3,0,16,0,0,0,0,0,0,19,0,0,0,0,0,0,0,0,0
r2vsfRFQc3E,Leftist Influencers Tier List- Part 1,midwesternmarx,Yes,8,0,7,1,14,1,16,1,0,48,0,0,0,0,0,0,0,0,0
r6Bn6eT7F-w,"One Battle After Another - Good, Bad AND Ugly",The Critical Drinker,No,4,1,4,0,5,0,1,0,0,15,0,0,0,0,0,0,0,0,0
r7_yYBwjM6U,Kathleen Kennedy - She's FINALLY Leaving Lucasfilm,The Critical Drinker,Yes,2,1,2,0,0,0,4,0,0,9,0,0,0,0,0,0,0,0,0
rEEKbybv9FY,The New York Times Comes Out Against Critical Thinking,The Podcast of the Lotus Eaters,Yes,3,0,18,0,9,0,11,0,0,41,0,0,0,0,0,0,0,0,0
rLIo_EP11eA,How Do Liberals Live with Themselves?,midwesternmarx,Yes,7,0,2,0,2,0,2,0,0,13,0,0,0,0,0,0,0,0,0
rMXmR-8AFLc,,,Yes,2,0,1,0,0,0,1,0,0,4,0,0,0,0,0,0,0,0,0
rNiac9MAO3o,Groan of Arc: 1348 Ex Voto Demo Fails Miserably Modernity Strikes Again!,HeelvsBabyface,Yes,6,1,3,0,2,0,3,3,0,18,0,0,0,0,0,0,0,0,0
rTuo4TA-K4M,Production Hell - The Wizard Of Oz,The Critical Drinker,Yes,7,3,5,1,1,1,3,2,0,23,3,0,0,0,0,0,0,0,3
rWUOAfFzgpY,The Drinker Recommends... Project Hail Mary,The Critical Drinker,Yes,3,0,1,0,0,0,2,0,0,6,0,0,0,0,0,0,0,0,0
rWg3Wbogh9U,,,Yes,0,0,0,0,1,0,0,0,0,1,0,0,0,0,0,0,0,0,0
rXrr0nn-3KE,Is Black Media in Crisis?? | OLAY & FRIENDS,olurinatti,,22,1,40,0,321,0,21,3,1,409,0,0,11,2,1,0,0,0,14
rYGJMh4G2dk,RIP James Bond - Amazon Will Destroy 007,Nerdrotic,Yes,3,0,3,0,4,0,1,2,0,13,0,0,0,0,0,0,0,0,0
rkrK5mBc_Xg,How I Became a Socialist: My Personal Path to the Radical Left,midwesternmarx,Yes,4,0,1,0,0,0,4,0,0,9,0,0,0,0,0,0,0,0,0
rrmZi6WqeEg,JK Rowling ROASTS Emma Watson - Harry Potter Author Goes Scorched Earth,Nerdrotic,Yes,8,3,5,0,5,1,7,0,0,29,0,0,0,0,0,0,0,0,0
s3289xpbE6I,Marvel Blames Disney for Its FAILURES,Nerdrotic,Yes,3,0,2,0,0,0,1,0,0,6,0,0,0,0,0,0,0,0,0
sBODfLEZfWg,A Battle of Lies - Fake News in the Great War,Three Arrows,No,35,1,7,0,8,0,98,6,0,155,0,0,0,0,0,0,0,0,0
sBdM8BKQUfM,We Went to Socialist Venezuela,midwesternmarx,Yes,0,0,0,0,0,0,2,0,0,2,0,0,0,0,0,0,0,0,0
sDCT8YGMl5Q,"Sean Strickland DESTROYS Women's Sports, WOKE NFL & Bad Bunny Epic UFC Rant & WOKE MELTDOWN Ensues",TheQuartering,Yes,2,0,7,0,8,0,32,0,0,49,0,0,0,0,2,0,0,0,2
sIoMIQdO3VU,,,Yes,4,0,3,0,0,0,13,4,0,24,0,0,0,0,0,0,0,0,0
sK3xnzZX-JI,Seven Seas SOLD to AI Manga Company?! Localizers are COOKED!,Clownfish TV,Yes,1,0,4,0,1,0,3,0,0,9,0,0,1,0,0,0,0,0,1
sRSY3AlfKAk,Talking with Kosher White Wine & PoliticalMJ on China and Socialism,midwesternmarx,No,33,8,12,0,30,0,58,1,0,142,0,0,0,2,0,0,0,0,2
s_WkuGhEF0w,"Kamala, Palestine & The Uncommitted Movement | OLAY & FRIENDS",olurinatti,,25,1,17,0,70,0,34,3,0,150,0,0,5,0,0,0,0,0,5
s_i1nJKZdAc,,,Yes,0,0,2,0,5,0,9,0,0,16,0,0,0,0,0,0,0,0,0
saXkMkpmrsk,,,Yes,0,0,0,0,0,0,22,0,0,22,0,0,0,0,0,0,0,0,0
sc-euVL8xQs,Deutschland by Rammstein: An Analysis,Three Arrows,Yes,36,0,1,0,25,0,44,5,0,111,0,0,0,0,0,0,0,0,0
sdPjRQ51Xdo,HOW A HERO KID TOOK HIM OUT!,TheQuartering,Yes,4,0,7,0,1,0,5,2,0,19,1,0,0,0,0,0,0,0,1
sgcSyVW8OYk,Disney Killed The Kylo Ren Movie (And That's A Good Thing),The Critical Drinker,Yes,7,0,2,0,1,0,14,0,0,24,0,0,0,0,0,0,0,0,0
snBSkOV7et4,Boosie’s Homophobia & Why Black People Defend It | OLAY & FRIENDS,olurinatti,,40,41,17,2,128,2,18,1,0,249,0,0,3,0,0,0,0,0,3
snsZ0YfgJF8,,,Yes,5,2,14,1,0,0,5,0,0,27,0,0,0,0,1,0,0,0,1
sqyImQApqDs,Biden CRASHES & BURNS,Actual Justice Warrior,Yes,15,2,6,0,6,0,10,2,0,41,0,0,0,0,0,0,0,0,0
srE9zqBoH74,The Fall of Eric Adams,olurinatti,,34,5,8,3,35,0,59,6,0,150,1,0,0,0,0,0,0,0,1
t-AlH_e3m6M,Kendrick & Hip Hop’s Beef with Drake: Round 2 | OLAY & FRIENDS,olurinatti,,29,7,36,1,180,0,27,6,1,287,1,0,0,0,0,0,0,0,1
t84MM6nZiso,Winter Storm & Liberalism in Texas,midwesternmarx,Yes,8,0,10,0,1,0,2,0,0,21,2,0,0,0,0,0,0,0,2
tA892U5VcYg,The True Story of the “Lone Survivor”,midwesternmarx,Yes,9,0,1,0,0,0,4,1,0,15,0,0,0,0,0,0,0,0,0
tCQUUIFDlr8,David - Can It Take On James Cameron's Goliath?,The Critical Drinker,Yes,1,0,2,0,0,0,7,0,0,10,0,0,0,0,0,0,0,0,0
tHzp1D3ntP8,Why This Is The Greatest Lord Of The Rings Scene Ever,The Critical Drinker,Yes,13,0,4,0,1,0,14,1,0,33,0,0,0,0,0,0,0,0,0
tQVKyhzy0vQ,The Truth Comes Out,Star Wars Theory,Yes,13,0,6,0,3,0,15,1,0,38,0,0,0,0,0,0,0,0,0
tZ3CuVPq5Bw,,,Yes,2,0,1,0,5,0,1,0,0,9,0,0,0,0,0,0,0,0,0
tl6U7D2V104,,,Yes,5,0,3,0,0,1,5,0,0,14,0,0,0,0,0,0,0,0,0
tl91G2mTkoo,,,Yes,1,0,9,0,1,0,0,0,0,11,0,0,0,0,0,0,0,0,0
tui1sWV1fnY,The Presidential Debate was a DISASTER... What Now? | OLAY & FRIENDS,olurinatti,,54,0,22,0,45,2,38,4,0,165,0,0,0,0,0,0,0,0,0
u6te-l1JBtg,,,Yes,1,0,10,0,0,0,2,0,0,13,0,0,0,0,0,0,0,0,0
uGIGAsfR1X8,Rock vs Triple H WWE Drama Getting WILD,Geeks + Gamers,Yes,5,0,4,0,0,0,2,0,0,11,0,0,0,0,0,0,0,0,0
uKYjqbrGUXY,Nerdrotic Humiliates Star Trek: Starfleet Academy,Geeks + Gamers,Yes,3,0,5,0,0,0,1,0,0,9,0,0,0,0,0,0,0,0,0
uLi5lne3T-k,COMMUNISM IS WINNING! | RATHBONE,midwesternmarx,Yes,30,2,17,0,16,2,35,2,0,104,0,0,0,0,0,0,0,0,0
uURSWEaVFP8,Blizzard Devs are in tears that Gamers keep Winning,Hero Hei,Yes,0,1,2,0,2,0,0,0,0,5,0,0,0,0,0,0,0,0,0
unh66IcLpt8,KPop Demon Hunters - Laughs At Other Animated Movies,The Critical Drinker,Yes,2,1,4,0,1,0,5,0,0,13,0,0,0,0,0,0,0,0,0
unwol9VG62Y,,,Yes,2,0,4,0,8,0,4,0,0,18,2,0,0,0,0,0,0,0,2
uufWtpnI-NM,,,Yes,5,0,3,0,1,0,4,0,0,13,0,0,0,0,0,0,0,0,0
uwUsxCDq7VE,"The GRAMMYs Finally Got it Right, The Rise of Doechii & Kendrick’s Sweep | OLAY & FRIENDS",olurinatti,,10,6,19,2,128,0,13,0,0,178,0,0,1,0,0,0,0,0,1
uwXrxhYaAxs,Mamdani Pledges To DESTROY New York,Actual Justice Warrior,Yes,12,0,5,0,1,0,13,0,0,31,0,0,0,0,0,0,0,0,0
uzn3IzbSV64,,,Yes,17,0,6,0,0,0,27,2,0,52,0,0,0,0,0,0,0,0,0
v1rcg_NG47U,,,Yes,0,0,6,0,1,0,3,0,0,10,0,0,1,0,0,0,0,0,1
vNJFncGceMo,Captain America 4 is DOOMED,Nerdrotic,Yes,6,0,7,0,10,1,7,2,1,34,0,0,0,0,0,0,0,0,0
vRxwijMQ9hU,,,Yes,28,3,32,0,11,0,22,5,0,101,0,0,0,0,0,0,0,0,0
vSjllaiQ5H8,,,Yes,4,0,20,0,8,0,14,2,0,48,0,0,2,0,1,0,0,0,3
vTng6A4Irt8,Asmongold GOES NUCLEAR After Woke Streamer Goes WAY TOO FAR! Hasan Piker Gets Humbled,TheQuartering,Yes,8,0,12,0,5,0,16,0,0,41,0,0,0,0,0,0,0,0,0
vWhglxNN7VA,Masters of the Universe EMBARRASSES Disney Star Wars - Mandalorian in Trouble!,Geeks + Gamers,Yes,1,0,1,0,0,0,19,0,1,22,0,0,0,0,0,0,0,0,0
vXtPQ4veXjw,Thunderbolts REVIEW - Absolute Marvel Fatigue,Nerdrotic,Yes,7,0,27,1,10,11,4,3,0,63,0,0,0,0,0,0,0,0,0
vYrC79v7fNs,Why Fantastic Four Was Doomed To Fail,Nerdrotic,Yes,4,0,12,0,3,0,3,1,1,24,0,0,0,0,0,0,0,0,0
vZzHY5rYoiA,,,Yes,2,0,2,0,0,1,5,0,0,10,0,0,0,0,0,0,0,0,0
v_-wUiVtKVE,Debating Sam Seder On Crime,Actual Justice Warrior,Yes,280,6,14,7,44,1,106,13,3,474,0,0,0,4,0,0,0,0,4
v_ZW-ioyTNU,"Laverne Cox on Trans Joy, Resistance & Survival | ICONIC INTERVIEW",olurinatti,,14,0,18,4,93,3,35,3,0,170,0,0,13,0,0,0,0,0,13
vcquD2J462o,Krystal Ball Wants Sydney Sweeney DESTROYED,Actual Justice Warrior,Yes,0,2,9,0,28,0,6,1,0,46,0,0,0,0,0,0,0,0,0
vjk5vSZmXTg,,,Yes,3,0,6,0,6,0,0,1,0,16,0,0,0,1,0,0,0,0,1
vjpwKvjmxiw,TYT RAGES At AOC,Actual Justice Warrior,Yes,3,0,16,0,10,0,3,3,0,35,0,0,0,0,0,0,0,0,0
vr_HvNxUEjM,The (Sad) State of Black Politics | OLAY & FRIENDS,olurinatti,,12,0,21,0,177,0,29,2,0,241,0,0,2,0,0,0,0,0,2
vst1LWrYAGo,,,Yes,6,0,9,0,3,0,3,1,0,22,0,0,0,0,1,0,0,0,1
w33BJ04LqaE,NYPD Illegally Hired CRIMINALS To Be Cops,Actual Justice Warrior,Yes,10,0,0,0,2,2,32,1,0,47,0,0,0,0,0,0,0,0,0
wJWpjj3AB48,Kendrick vs. Drake: GAME OVER | OLAY & FRIENDS,olurinatti,,12,1,31,0,92,0,14,3,0,153,1,0,0,1,0,0,0,0,2
wMzd9KLbeNI,Jurassic World Rebirth - A Cinematic Abortion,The Critical Drinker,Yes,2,0,5,1,2,0,1,0,0,11,0,0,0,0,0,0,0,0,0
wQhkoTny7oI,Socialist Countries Tier List Part 1,midwesternmarx,Yes,27,0,14,0,5,0,53,2,1,102,0,0,0,0,0,0,0,0,0
wUW-yPF86Ag,Ghetto TRASH Mom ATTACKS High School Girl,Actual Justice Warrior,Yes,31,0,0,1,10,0,25,4,0,71,0,0,0,1,0,0,0,0,1
waBGDGWMmGU,Hasan Piker Schools Capitalist on Healthcare - Jubilee Middle Ground Reaction,midwesternmarx,Yes,1,0,1,3,9,0,2,0,0,16,0,0,0,0,0,0,0,0,0
wbI8aYraecM,Kevin Feige ADMITS Marvel F*CKED Up!,Geeks + Gamers,Yes,1,0,1,0,6,0,2,0,1,11,0,0,0,0,0,0,0,0,0
wmGORk9z5zQ,,,Yes,2,1,6,0,2,0,2,56,0,69,0,0,0,0,1,0,0,0,1
xGT4hylMRek,Zelda Movie MELTDOWN - They/Them Rage Over Official Photos,Geeks + Gamers,Yes,0,0,1,0,0,2,1,1,0,5,0,0,0,0,0,0,0,0,0
xJ0MU2O_HyI,Crash And Burn - The Emma Watson Story,The Critical Drinker,Yes,4,0,5,0,0,0,5,0,0,14,0,0,0,0,0,0,0,0,0
xS6CsQAkJQ4,,,Yes,1,0,10,1,19,0,31,3,0,65,0,0,0,0,0,0,0,0,0
xWR2KxOYa2A,Marvel and Star Wars Committed Mary Sue-icide - The Toxic Fans Were Right,Nerdrotic,Yes,8,0,7,0,2,1,14,2,0,34,1,0,0,0,0,0,0,0,1
xizEROqyWMI,Microsoft Just ENDED Xbox with This! New Games Won't NEED Gamers?!,Clownfish TV,Yes,4,0,9,0,1,0,6,0,0,20,0,0,0,0,0,0,0,0,0
xpPwOSfaUgc,,,Yes,4,1,1,0,0,0,18,0,0,24,0,0,0,0,0,0,0,0,0
xqdFX2JBxT8,,,Yes,3,0,2,0,1,0,5,3,0,14,0,0,0,0,0,0,0,0,0
xsZP4h0itcM,,,Yes,4,0,3,0,0,0,9,1,0,17,0,0,0,0,0,0,0,0,0
xtUswBeCbyw,,,Yes,37,3,83,4,27,5,42,5,0,206,4,0,1,0,0,1,0,0,6
y-L66WgdTVA,,,Yes,1,0,1,0,2,0,2,0,0,6,0,0,0,0,0,0,0,0,0
y-X7q5tUH4g,Why People Hate Ja Morant,olurinatti,,7,0,8,0,13,0,6,31,0,65,0,0,0,1,0,0,0,0,1
y2Xmlr6XJ-E,,,Yes,0,0,3,0,4,0,0,1,0,8,0,0,1,0,0,0,0,0,1
yId-5fNbb4E,,,Yes,0,0,1,0,1,0,0,0,0,2,0,0,0,0,0,0,0,0,0
yKQqkEuSLOc,,,Yes,10,0,2,0,0,0,3,1,0,16,0,0,0,0,0,0,0,0,0
yQLAExbWpzo,,,Yes,10,2,10,0,1,0,2,0,0,25,0,0,0,0,0,0,0,0,0
yefIunm7Dgs,Is Trump bringing us to war? (Re-cap),Actual Justice Warrior,No,6,0,8,6,2,0,8,5,0,35,0,0,0,0,0,0,0,0,0
yk_T35L_QLw,Hollywood Girl Bossed Too Close to the Sun,Nerdrotic,Yes,6,1,6,0,5,0,6,1,0,25,1,0,0,0,0,0,0,0,1
yt5VFyOAf00,What I've Been Hiding,Star Wars Theory,Yes,1,1,2,0,0,0,2,1,0,7,0,0,0,0,0,0,0,0,0
z7oa_FifWk4,2025 - The Year That Broke Hollywood,The Critical Drinker,Yes,2,0,2,0,1,0,4,4,0,13,0,0,0,0,0,0,0,0,0
zETqe9tQqOM,,,Yes,9,0,6,0,9,0,1,1,0,26,0,0,0,0,0,0,0,0,0
zUqo1s2P8zY,Fake Judge FREED Iryna Zarutska's Killer,Actual Justice Warrior,Yes,54,0,6,0,24,4,30,7,4,129,0,0,0,0,0,0,0,0,0
zWJNHhOBvyI,"SNL ROASTS Stranger Things ""Gay"" Scene",Geeks + Gamers,Yes,2,3,6,2,0,1,5,0,0,19,0,0,0,0,0,0,0,0,0
zbhW36M_QKI,How Women Become Carceral Feminists,olurinatti,,57,4,9,0,38,3,52,17,0,180,0,0,2,0,0,0,0,0,2
zcAzFXHHxZU,Alien Earth - This Show Is The Real Monster,The Critical Drinker,Yes,10,0,5,0,2,3,4,3,0,27,0,0,0,0,0,0,0,0,0
zdl2V0yqvuU,,,Yes,1,0,6,0,3,0,32,0,0,42,0,0,0,0,0,0,0,0,0
zh1eX7RA7ac,Milton Friedman is a Greedy lil Gremlin,midwesternmarx,Yes,6,0,1,0,1,1,12,2,0,23,0,0,0,0,0,0,0,0,0
ziLx5amSXoI,Tron: Ares REVIEW - Another Disney Flop,Nerdrotic,Yes,10,0,7,0,14,0,2,1,0,34,3,0,0,0,0,0,0,0,3
zn8MbXPP1HA,"Eddie Liger Live-stream #9 Cuba, Neo-Marxism , & More!",midwesternmarx,Yes,17,0,3,0,5,0,21,1,0,47,1,0,0,0,0,0,0,0,1
zpweRxDVxbM,Riley: Date me or you're a bigot,Actual Justice Warrior,No,5,20,12,0,11,1,3,2,0,54,0,0,0,0,0,0,0,0,0
zq_-4yHYPuI,,,Yes,0,0,1,0,1,0,0,2,0,4,0,0,0,0,0,0,0,0,0
ztcQB2HunOk,,,Yes,0,0,3,1,13,0,1,0,0,18,0,0,0,0,0,0,0,0,0
