video_id,title,channel_name,published_at,duration,view_count,like_count,comment_count,total_words,sensitive_count,sensitive_ratio,classification,found_terms,ad_status
-1ZbQO_VR4o,Interview w/ Professor Tim Orr: On The Charge of the First Minnesota. - Part. 2.,midwesternmarx,2021-06-03,PT39M29S,746,45,0,7117,63,0.8852,Likely Monetised,"god, kill, hell, damage, attack, gun, weapon, suicide, pain, fight",No
-3AwS2USPhM,Carlos Garrido on the ACP and the US | Marx Engels Lenin Institute,midwesternmarx,2024-11-17,PT1H13M50S,6449,440,55,12799,66,0.5157,Likely Monetised,"slave, destroy, kill, hitler, genocide, racist, attack, inflation, nazi, majority",Yes
-8Ui4ptkDgc,"A Chat With Industrial Worker and Union Member, Steve Meier",midwesternmarx,2020-08-07,PT33M2S,733,72,4,5396,24,0.4448,Likely Monetised,"sex, die, corruption, fight, attack, pandemic, death, burn, white, war",Yes
-cEdT-mCFYs,Corporate America Is Adult Day Care,The Podcast of the Lotus Eaters,2022-07-07,PT21M9S,395808,18153,6998,4595,8,0.1741,Likely Monetised,"damn, god, wrong, mug, shoot",Yes
-dj1EqspKF8,Woke DA Orders Prosecutors To Go Soft On Black Criminals,Actual Justice Warrior,2025-04-28,PT16M9S,49624,3684,1244,3310,132,3.9879,Likely Demonetised,"damn, god, kill, racism, racist, murder, attack, procedure, assault, black lives matter",Yes
-kGiENpkWIM,Unpacking Hip Hop's Allegiance to Abusers | OLAY & FRIENDS,olurinatti,2024-05-26,PT1H45M41S,64900,3689,355,23096,283,1.2253,Likely Monetised,"damn, god, destroy, jail, kill, racism, hell, harassment, abusive, racist",Yes
-qDieARqKdM,Why Tay K Did The Race,olurinatti,2024-09-17,PT10M15S,61694,6383,515,2097,115,5.484,Likely Demonetised,"jail, kill, robbery, murder, weapon, gun, violence, worst, death, bail",Yes
02H462il4wo,Diversity in World War 2,Three Arrows,2018-02-27,PT12M20S,488029,23139,3359,2539,50,1.9693,Likely Monetised,"bullshit, fuck, wrong, black, loser, minority, fight, white, obnoxious, war",No
0L0IYGABPAc,Irish Patriots Defeat Antifa and Find Feds,The Podcast of the Lotus Eaters,2024-04-08,PT19M7S,398763,18514,2863,3801,29,0.763,Likely Monetised,"evil, scumbags, antifa, crime, racism, hang, majority, opposition, racist, hate",Yes
0efB-VfZXHk,The US's War on Iran and the Iran-Cuba Friendship | Shabbir Rizvi,midwesternmarx,2023-12-18,PT25M47S,926,63,8,4636,39,0.8412,Likely Monetised,"evil, die, kill, wrong, genocide, hang, majority, surgery, fight, dead",No
0zhJVfNtn80,Liberals Claim Capitol Riots are Worse than 9/11,midwesternmarx,2021-02-10,PT10M22S,1830,251,27,1819,37,2.0341,Uncertain,"worst, die, kill, wrong, strike, terrorist, racist, insane, nonsense, 911",No
1b-QtoSfM38,YouTube and the Politics of Pessimism,Three Arrows,2020-02-14,PT27M16S,492751,24240,4569,5158,61,1.1826,Likely Monetised,"destroy, hitler, nonsense, attack, murder, violence, terror, majority, dictator, hang",Yes
2BDEuxKU_NI,How This Marine Became a Killer,olurinatti,2023-05-12,PT10M18S,17008,2919,219,1903,69,3.6259,Likely Demonetised,"kill, racist, damage, murder, weapon, attack, gun, mentally, shit, worst",Yes
2r-TOm5A2oc,"Carlos Garrido on Infrared - Marxism, Philosophy, and More",midwesternmarx,2024-04-05,PT2H58M44S,14436,844,365,28273,126,0.4457,Likely Monetised,"god, destroy, bastard, kill, hitler, genocide, nonsense, damage, attack, gun",No
2r1EwB-XYyc,Responding to Vice: Do the Capitol Riots signal The United States is crumbling like Rome?,midwesternmarx,2021-06-03,PT29M49S,1606,220,19,5572,65,1.1665,Likely Monetised,"jail, destroy, kill, damage, attack, violence, worst, majority, dictator, sexual",No
3L1ZsbANYfU,What Did Enoch Powell Actually Say?,The Podcast of the Lotus Eaters,2025-05-17,PT35M10S,386437,11626,2426,6970,73,1.0473,Likely Monetised,"god, destroy, hitler, hell, nonsense, violence, black lives matter, majority, evil, wrong",Yes
3LgZfdzT7ck,The Life & Legacy of Che Guevara,midwesternmarx,2024-10-09,PT13M1S,1153,128,9,2200,15,0.6818,Likely Monetised,"jail, god, die, stupid, suppress, loser, fight, criminal, murder, attack",Yes
3mHWNvvApRg,Eddie Liger Livestream 5/30,midwesternmarx,2021-05-31,PT44M48S,454,49,10,8162,56,0.6861,Likely Monetised,"god, kill, racism, racist, violence, majority, dictator, wrong, hang, fight",No
3vuvF63OFjQ,Black People Have to Decide How We Feel About Police | OLAY & FRIENDS,olurinatti,2024-04-21,PT1H42M54S,36329,2272,152,22618,333,1.4723,Likely Monetised,"damn, slave, jail, judge, destroy, kill, god, racism, hell, racist",Yes
3ys0d7N5Ykc,A Marxist’s opinion on President Biden thus far.,midwesternmarx,2021-02-23,PT11M20S,4300,632,77,2268,25,1.1023,Likely Monetised,"evil, worst, die, lawsuit, judge, regret, jail, prison, terrorist, threat",Yes
4DxxFCai5p0,Imperialism the Highest Stage of Capitalism: Reading Guide- Ch4 Export Capital,midwesternmarx,2020-12-01,PT12M40S,3310,279,18,2386,7,0.2934,Likely Monetised,"war, weapon, dictator, disaster",No
4O2wWbaFhCI,House of the Dragon is the Medieval Jerry Springer,olurinatti,2024-06-15,PT1H26M56S,83046,5636,797,17779,210,1.1812,Likely Monetised,"damn, god, bastard, kill, hell, nonsense, murder, bitch, attack, violence",Yes
4nM6umgj0JY,Why Black Male Voters are FED UP | OLAY & FRIENDS,olurinatti,2024-10-27,PT1H37M27S,47528,2792,389,20857,338,1.6206,Likely Monetised,"damn, slave, god, judge, jail, kill, racism, hell, racist, attack",Yes
4xUxjWxiOFA,"PODCAST #3: IRAN, HEGEL, AND IDEALISM IN WESTERN SOCIALISTS",midwesternmarx,2021-01-16,PT39M8S,3180,204,29,7236,66,0.9121,Likely Monetised,"kill, racist, nonsense, damage, weapon, suicide, al qaeda, majority, opposition, pandemic",Yes
6979XXJRlOo,Telesur Interviews Carlos on the Venezuelan Elections,midwesternmarx,2024-07-29,PT28M3S,2469,235,33,4349,48,1.1037,Likely Monetised,"god, terror, kidnap, defeat, genocide, opposition, majority, criminal, blood, fight",No
69obN625Fjs,How to Fall Down the Anti-SJW Rabbit Hole,Three Arrows,2018-11-02,PT21M47S,1556555,68522,19570,4378,39,0.8908,Likely Monetised,"jail, destroy, racist, damage, attack, weapon, black lives matter, opposition, majority, regret",Yes
6C-i5fX-7Fc,Slaying Sacred Cows,The Podcast of the Lotus Eaters,2025-01-30,PT24M44S,366361,18493,5303,4839,69,1.4259,Likely Monetised,"judge, destroy, god, kill, bastard, hitler, kidnap, racism, genocide, racist",Yes
6DIkW9YoR3Y,Donald Trump Won & America Will Regret It,olurinatti,2024-11-06,PT13M53S,756687,76629,0,2725,63,2.3119,Uncertain,"destroy, racism, racist, attack, violence, worst, sexist, bigot, majority, wrong",No
6e9AzdNUoLY,Are Men Using Babies to Trap Women? | OLAY & FRIENDS,olurinatti,2024-09-29,PT55M4S,53752,2938,248,12061,72,0.597,Likely Monetised,"god, abusive, damage, attack, worst, pregnant, sexual, lawsuit, wrong, hang",Yes
6gkEf3wsLnA,He CAN'T STOP LYING,Actual Justice Warrior,2025-11-09,PT21M38S,92494,5091,1410,4217,32,0.7588,Likely Monetised,"judge, dumbass, racist, damage, attack, false, shit, worst, pregnant, hypocrite",Yes
6lIi1_VY1VY,Debate: Communists vs Ukrainian Anti-Communist,midwesternmarx,2024-12-31,PT26M16S,5044,306,198,4360,39,0.8945,Likely Monetised,"god, kill, genocide, hell, heroin, murder, gun, nazi, suicide, worst",Yes
6skuCiLCjRA,How To Dismantle a Democracy,Three Arrows,2025-05-10,PT41M9S,649321,40245,5644,5988,74,1.2358,Likely Monetised,"judge, destroy, god, chemical, kill, attack, assault, opposition, majority, pandemic",Yes
6yVXtiqHBw0,AMERICAN JOURNALIST EXPOSES THE TRUTH ABOUT CHINA | JASON SMITH,midwesternmarx,2026-01-24,PT57M43S,2744,229,44,10759,45,0.4183,Likely Monetised,"judge, god, genocide, hell, false, majority, pandemic, evil, prison, wrong",No
7FWWF2nQf6o,The International - American country/folk version,midwesternmarx,2024-07-01,PT3M22S,6215,295,46,273,3,1.0989,Likely Monetised,"racist, fight, die",No
7fDiL_RFGTA,The Real Says Jussie Smollett Hoax Was Noble,Actual Justice Warrior,2022-05-31,PT22M25S,51503,3496,513,4888,132,2.7005,Uncertain,"damn, god, jail, kill, racism, hell, racist, nonsense, damage, attack",No
8S7-AqFAHck,Cornel West is Running for President… | OLAY & FRIENDS,olurinatti,2023-06-11,PT1H9M26S,92107,6330,701,12841,184,1.4329,Likely Monetised,"damn, god, judge, jail, racism, hell, harassment, racist, nonsense, attack",No
8UBwCJvhaGE,Where Marx Was Wrong but Lenin Right,midwesternmarx,2023-12-19,PT5M39S,3862,261,60,712,2,0.2809,Likely Monetised,wrong,Yes
8av1PngPPQc,Eddie Liger Plays Marxist Trivia,midwesternmarx,2024-08-14,PT2M36S,1520,108,17,431,1,0.232,Likely Monetised,damn,Yes
8tTKVAsN7rw,Probably Cancelled | Championing the working class: Dr. Shiva's campaign to reclaim America,midwesternmarx,2024-10-28,PT1H17M33S,1262,89,62,14498,144,0.9932,Likely Monetised,"slave, god, destroy, judge, kill, genocide, racism, concentration camp, election fraud, nonsense",No
8vR9lLCYHtg,Fact Checking My Breakfast Club Interview with Eric Adams,olurinatti,2024-03-31,PT22M14S,132447,13129,1458,4598,96,2.0879,Uncertain,"damn, judge, destroy, kill, damage, murder, gun, weapon, violence, 911",Yes
90a69Uln0Go,TikTok Gen Z Leftists Explain Everything,The Podcast of the Lotus Eaters,2021-07-29,PT22M25S,650821,32016,11182,4612,92,1.9948,Likely Monetised,"jail, god, kill, vagina, racism, hell, racist, murder, attack, nazi",No
91aZHkxwUOQ,The Rise of BBLs & Body Modifications | OLAY & FRIENDS,olurinatti,2024-08-04,PT1H21M44S,57325,3051,232,17382,169,0.9723,Likely Monetised,"damn, god, boob, hell, racist, nonsense, attack, bitch, mentally, worst",Yes
995ljGVQuCY,BBC checks YouTubers “Thinking”,The Podcast of the Lotus Eaters,2021-02-19,PT21M44S,28942,2480,387,4701,73,1.5529,Likely Monetised,"slave, god, destroy, racism, hell, harassment, racist, nonsense, attack, false",No
9AMAr4HRmA0,Analyzing What Kamala’s Up Against | OLAY & FRIENDS,olurinatti,2024-07-28,PT1H10M5S,41918,2476,297,15221,246,1.6162,Likely Monetised,"damn, god, judge, vagina, racism, genocide, racist, kkk, murder, attack",Yes
9si7ztbQ_-4,Drake’s Lawsuit Could Destroy HipHop | OLAY & FRIENDS,olurinatti,2025-01-19,PT1H44M37S,87464,4569,373,22334,151,0.6761,Likely Monetised,"damn, slave, god, jail, destroy, kill, thug, damage, attack, gun",Yes
9smMPnUd_Bs,RABBI YISROEL DOVID WEISS ON ZIONISM AND PALESTINE | Escaping the Cave Ep. 4,midwesternmarx,2025-03-07,PT42M12S,2710,212,21,7414,132,1.7804,Likely Monetised,"god, kill, chemical, hitler, genocide, murder, attack, false, gun, nazi",No
AAHrkNOGME0,Making Marxism Great Again | Probably Cancelled w/ Catherine Liu,midwesternmarx,2024-11-25,PT1H7M59S,21594,1161,162,11071,78,0.7045,Likely Monetised,"god, kill, damage, attack, weapon, inflation, corruption, assault, pregnant, sexist",No
AGFRZ_yvdnI,Interview w/ Professor Tim Orr: On The Charge of the First Minnesota. - Part. 1.,midwesternmarx,2021-05-23,PT39M5S,1212,52,1,6790,90,1.3255,Likely Monetised,"slave, kidnap, racist, attack, murder, violence, suicide, worst, assault, death",No
ALuzIz0d9m0,"Eddie Liger on MAGA, ACP, and Culture Wars | Homeless Romantic Podcast",midwesternmarx,2024-08-11,PT55M36S,4517,325,198,11454,91,0.7945,Likely Monetised,"damn, slave, god, destroy, kill, genocide, abusive, damage, attack, gun",Yes
B9DzRYOyiXw,Black Celebs Are Tap Dancing for Donald Trump | OLAY & FRIENDS,olurinatti,2025-01-26,PT1H13M9S,85070,5445,540,14988,205,1.3678,Likely Monetised,"damn, god, kill, racism, hell, racist, damage, attack, false, shit",Yes
BIfDKKbmDJI,Eddie Liger's CONTROVERSIAL Speech at the Chicago Workers School,midwesternmarx,2024-06-17,PT23M2S,5788,548,128,4147,48,1.1575,Likely Monetised,"slave, terror, kill, race war, genocide, black, fight, attack, slavery, dictator",No
Bi8g8KfzTZk,How Zionists Systematically Exterminate Palestinian Artists - Viral Tik Tok,midwesternmarx,2024-01-03,PT1M21S,730,121,8,252,8,3.1746,Likely Demonetised,"destroy, kill, wrong, racist, murder",No
BkljlgKzuBo,Loads of Porn Stars Regret Doing Porn,The Podcast of the Lotus Eaters,2022-09-24,PT19M14S,526633,14766,4254,4308,104,2.4141,Uncertain,"god, destroy, hell, heroin, abusive, child porn, prostitution, damage, gun, pornhub",Yes
BtHYUzyWMgE,VICE Suffer Delusions of Women's Rights,The Podcast of the Lotus Eaters,2022-02-19,PT19M25S,398523,19944,3876,4014,26,0.6477,Likely Monetised,"damn, god, worst, kill, grenade, crime, wrong, corruption, stupid, hang",No
C-CsWKvrEMQ,Women Can Be Predators Too & Men Can Be Victims | OLAY & FRIENDS,olurinatti,2023-06-25,PT2H2M57S,43771,2039,156,24246,350,1.4435,Likely Monetised,"damn, slave, jail, judge, god, kill, destroy, harassment, racist, attack",No
CFDDf48nj9g,America's Coming Weimar Moment,Three Arrows,2022-08-17,PT31M1S,648387,33330,5879,4617,110,2.3825,Uncertain,"god, judge, destroy, bastard, hitler, racist, attack, murder, violence, nazi",No
CVyTOLP9VkQ,The Brick Lady & The Gender Wars | OLAY & FRIENDS,olurinatti,2024-01-24,PT1H10M28S,42857,2319,316,15143,367,2.4236,Uncertain,"damn, jail, god, kill, hell, attack, weapon, gun, violence, worst",Yes
C_kEBQcf0xY,"Dr Umar, Pseudo-Intellectual Nonsense, and American Exceptionalism | OLAY & FRIENDS",olurinatti,2024-07-15,PT2H9M49S,70178,3417,333,27081,557,2.0568,Uncertain,"damn, slave, jail, god, judge, kill, racism, hell, heroin, abusive",Yes
Cg9mW1uTxyU,PODCAST #2: CAPITOL STORMING AND THE PESSIMISTIC LEFT,midwesternmarx,2021-01-13,PT35M24S,1796,125,12,6495,64,0.9854,Likely Monetised,"god, destroy, kill, hitler, hell, nonsense, damage, attack, weapon, false",Yes
CskLY0-7_zY,Kyle Kulinski CRIES Over Matt Walsh Crime Takes,Actual Justice Warrior,2023-04-24,PT37M40S,113210,5953,2203,7296,225,3.0839,Likely Demonetised,"jail, destroy, kill, robbery, recession, damage, murder, attack, violence, scumbags",Yes
CuOUEXpFgVU,Is America Obsessed with Celebrities? | OLAY & FRIENDS,olurinatti,2024-06-09,PT2H8M52S,81871,4462,404,27510,542,1.9702,Likely Monetised,"damn, god, destroy, kill, genocide, nonsense, attack, gun, murder, violence",Yes
D6cpD_vfVP4,Cincinnati CAUGHT Paying Black Activist To ATTACK Cops,Actual Justice Warrior,2025-08-11,PT14M52S,147188,8304,2162,2735,67,2.4497,Uncertain,"god, jail, racist, nonsense, attack, gun, violence, black lives matter, harass, wrong",Yes
DFGXQzR488Y,Conservative Party Unable to Fully Commit Against Critical Race Theory,The Podcast of the Lotus Eaters,2020-11-10,PT9M,13751,1167,105,1964,21,1.0692,Likely Monetised,"damn, evil, god, wrong, black, black lives matter, hang, opposition, majority, racist",Yes
DfXD7Gbm3cQ,The Fall of Ice Spice: Colorism & Transactional Relationships | OLAY & FRIENDS,olurinatti,2024-09-16,PT1H37M48S,101919,4781,342,21152,142,0.6713,Likely Monetised,"damn, god, destroy, hell, attack, gun, cringy, mentally, nazi, majority",Yes
DuSScLV2q2g,Why the Right is Obsessed with Trans People,olurinatti,2023-04-21,PT8M9S,23103,3529,278,1541,27,1.7521,Likely Monetised,"damn, destroy, hell, mentally, shit, bigot, evil, harass, torture, hang",Yes
E_TDQo9Zpv8,The Iraq War: PragerU vs. Reality,Three Arrows,2023-03-03,PT1H12M42S,510213,20659,2250,9734,223,2.2909,Uncertain,"damn, judge, jail, destroy, kill, chemical, concentration camp, racist, attack, weapon",Yes
Eu-IjsbxIIw,MAGA Communism: Fact vs. Fiction,midwesternmarx,2025-04-16,PT4M16S,12192,902,499,809,7,0.8653,Likely Monetised,"judge, wrong, fight, attack, war",No
Exdq6NqAuDE,The Rise of Class Solidarity? | OLAY & FRIENDS,olurinatti,2025-01-12,PT1H21M55S,51942,3183,235,17827,257,1.4416,Likely Monetised,"damn, god, jail, kill, racism, hell, racist, attack, gun, murder",Yes
FEwzEHFAZv8,Socialist Countries Tier List Part 2,midwesternmarx,2025-07-15,PT32M16S,2539,95,65,5277,74,1.4023,Likely Monetised,"slave, destroy, kill, hitler, attack, murder, gun, nazi, corruption, opposition",Yes
FX8Iw37srmY,The Marketplace of Ideas | Germany vs. USA,Three Arrows,2019-02-15,PT30M21S,364612,19444,2307,5795,103,1.7774,Likely Monetised,"jail, destroy, kill, hitler, genocide, racism, racist, kkk, attack, weapon",No
Fjutn4sGMWM,Why You Should Vote For Your Weakest Adversary,olurinatti,2023-12-31,PT3H10M29S,93517,6602,775,37554,592,1.5764,Likely Monetised,"slave, damn, god, hell, attack, murder, worst, terror, corruption, assault",Yes
FnACzwV7Mwc,"If Pretty is a Privilege, Ugly is a Curse",olurinatti,2025-08-28,PT1H58M14S,641563,36602,3899,23898,304,1.2721,Likely Monetised,"damn, god, jail, judge, kill, vagina, racism, hell, racist, nonsense",Yes
Fu-MDEXwV4s,Was Every German Soldier Evil?,Three Arrows,2020-08-14,PT33M5S,544223,33104,4465,1715,83,4.8397,Likely Demonetised,"worst, die, fuck, kill, crime, wrong, hitler, fight, criminal, shoot",No
FyL6luy89mY,American Communist Party WINS ELECTION! Chris Helali WINS High Bailiff,midwesternmarx,2024-11-06,PT1M27S,7853,512,63,222,2,0.9009,Likely Monetised,"fight, violence",No
G3wI8aIx4e8,Toledo Cop ARRESTED For Shoplifting,Actual Justice Warrior,2025-08-29,PT12M12S,35765,2256,850,2217,17,0.7668,Likely Monetised,"crime, stupid, black, black lives matter, dead, criminal, insane, false, court",Yes
GLGoMq7Pygo,The Bombs that Land in Gaza Land in Detroit | Carlos Garrido at Free America to Free Palestine,midwesternmarx,2024-06-02,PT7M24S,2331,295,43,1007,20,1.9861,Likely Monetised,"god, destroy, oppressor, kill, racism, genocide, black, tax, fight, murder",Yes
GohlQuOJLpE,Does the Left Want to Destroy History?,Three Arrows,2018-07-07,PT26M10S,528960,20184,4671,5383,109,2.0249,Uncertain,"slave, judge, destroy, god, kill, racism, racist, kkk, murder, shit",No
GsTpP8GPlz0,"Update on Chicago  torture victim, How to help",Actual Justice Warrior,2017-01-06,PT4M59S,842,56,4,1037,54,5.2073,Likely Demonetised,"torture, worst, kidnap, god, crime, wrong, black, black lives matter, recovery, racist",No
GxF0oliZEu0,Evo Morales: Rise of the First Indigenous President of Bolivia- Book Review and Summary,midwesternmarx,2021-04-22,PT17M24S,2676,373,37,3465,50,1.443,Likely Monetised,"kill, hitler, racist, murder, attack, gun, violence, dictator, strike, evil",No
H1WPE873mp0,Welcome to My Channel Olurinatti!,olurinatti,2023-03-17,PT1M14S,26531,1969,208,144,1,0.6944,Likely Monetised,propaganda,Yes
HBXy4us4J5Y,"Imani Barbarin on Disability Rights, Navigating Ableism & Creating Change | ICONIC INTERVIEW",olurinatti,2024-05-02,PT1H21S,17075,1990,153,12420,69,0.5556,Likely Monetised,"god, kill, racism, abusive, racist, attack, murder, worst, majority, sterilize",Yes
HGGaLmW0s38,The Election Is Over... Now What? | OLAY & FRIENDS,olurinatti,2024-11-07,PT2H16M59S,0,6503,1215,30109,286,0.9499,Likely Monetised,"damn, slave, god, destroy, judge, kill, jail, racism, genocide, hell",No
HOHthnsuhPw,Denial as a Tool of the Radical Right,Three Arrows,2018-02-16,PT9M57S,374320,16268,1542,2053,54,2.6303,Uncertain,"neo-nazi, holocaust, die, hitler, crime, fight, insane, damage, the big lie, disaster",Yes
HbFh51eS_ug,America Hates The Left & We Need A Plan,olurinatti,2024-12-08,PT19M58S,124067,13691,2409,4232,102,2.4102,Uncertain,"jail, destroy, racism, racist, attack, murder, violence, bigot, majority, bail",Yes
Hh74jSq4Zzw,When The Police FAIL,Actual Justice Warrior,2022-05-30,PT16M42S,39438,2649,727,3527,37,1.0491,Likely Monetised,"evil, prison, die, kill, wrong, black, minority, racist, fight, 911",No
Ho0aWvwQLlA,Prof. Garrido on Censorship and Free Speech at Platypus 2024 International Convention,midwesternmarx,2024-04-28,PT2H55M48S,1794,163,13,26715,334,1.2502,Likely Monetised,"slave, god, destroy, chemical, kill, genocide, racism, racist, nonsense, attack",No
IQujpTzTNGY,Los Angeles DESTROYS Graham Stephan,Actual Justice Warrior,2025-11-24,PT32M16S,179518,7814,2122,6463,14,0.2166,Likely Monetised,"god, worst, kill, wrong, stupid, punishment, insane, death, pandemic",Yes
J4eC4gsevrg,Socialism Wins in Bolivia: But Far Right Extremism Persists,midwesternmarx,2020-11-17,PT10M26S,2779,375,31,1911,35,1.8315,Likely Monetised,"evil, kidnap, kill, discrimination, suppress, majority, thug, fight, attack, shoot",No
KakbZK-VlbI,Black Men Address Cam Newton & Why Black Men Make Babies but Not Families| OLAY & FRIENDS,olurinatti,2024-09-08,PT1H30M22S,101674,4506,720,18716,172,0.919,Likely Monetised,"damn, god, jail, destroy, kill, racism, heroin, damage, attack, gun",Yes
KcL_GTRJpHY,Unpacking the Attacks on Kamala’s Blackness & Prosecutorial Record | OLAY & FRIENDS,olurinatti,2024-08-11,PT1H34M22S,51120,3183,527,20475,398,1.9438,Likely Monetised,"damn, slave, god, jail, judge, kill, racism, hell, racist, attack",Yes
Kh0el8phS_o,The Myth of Charlie Kirk,Three Arrows,2025-10-12,PT38M43S,597594,38837,7551,5961,101,1.6943,Likely Monetised,"judge, jail, kidnap, kill, hitler, hell, murder, gun, cringy, violence",Yes
L6epzun4Osk,Why Is the British State Promoting Islam?,The Podcast of the Lotus Eaters,2025-04-07,PT24M58S,375804,14899,7419,5012,36,0.7183,Likely Monetised,"damn, destroy, discrimination, wrong, racism, majority, minority, blood, propaganda, sharia",Yes
LB4gqnUfp-k,Why New York Hates Andrew Cuomo,olurinatti,2025-03-31,PT42M10S,83666,6267,473,8555,156,1.8235,Likely Monetised,"damn, judge, destroy, jail, kill, robbery, god, hell, harassment, murder",Yes
LDJTfMuGs8c,Jennifer Lawrence ADMITS Wokeness Is KILLING Hollywood,Actual Justice Warrior,2025-11-18,PT14M18S,28841,1683,492,2727,11,0.4034,Likely Monetised,"evil, wrong, damage, hate, attack, tax, obnoxious",Yes
LHjgCo4RuZs,Sydney Sweeney REFUSES To Apologize To Woke Mob,Actual Justice Warrior,2025-11-06,PT16M41S,76177,4535,1236,3213,40,1.2449,Likely Monetised,"white supremacy, evil, harass, stupid, wrong, fight, racist, nonsense, attack, supremacist",No
LebQdGlvElU,Infographics: What if Russia Invades Ukraine? DEBUNKED,midwesternmarx,2024-11-02,PT29M54S,5134,372,83,5540,85,1.5343,Likely Monetised,"damn, destroy, kill, hitler, hell, prostitution, kkk, attack, weapon, nazi",No
LfQ9QCgevLA,"WHY MARXISM NEEDS HEIDEGGER, DUGIN, AND ZIZEK | HAZ AL-DIN",midwesternmarx,2026-01-10,PT1H54M22S,8467,592,356,17957,68,0.3787,Likely Monetised,"slave, god, kill, racism, hell, racist, nonsense, attack, gun, false",No
Li5bGmoAKbA,"INTERVIEW WITH DR. ASATAR BAIR: CHINA, MEDITATION, SOCIALISM AND MORE",midwesternmarx,2021-02-19,PT45M22S,3799,212,27,8494,68,0.8006,Likely Monetised,"damn, slave, god, destroy, jail, hell, worst, majority, death, pandemic",No
Ltrj2mz_9Pk,A Story as Old as Socialism…,midwesternmarx,2023-12-22,PT1M18S,4545,621,96,220,7,3.1818,Likely Demonetised,"shoot, gun",Yes
LyZ2TPfeYbg,What Should we Do with Killer Cops?,olurinatti,2024-11-20,PT23M50S,73705,7792,484,4869,166,3.4093,Likely Demonetised,"jail, judge, kill, abusive, murder, gun, attack, violence, assault, majority",Yes
MZXm80IFMVU,Vilifying Amanda Seales but Celebrating Candace Owens? | OLAY & FRIENDS,olurinatti,2024-03-31,PT1H38M38S,154810,7600,1048,22083,260,1.1774,Likely Monetised,"damn, slave, god, judge, kill, hell, harassment, racist, nonsense, attack",Yes
MjfLKCgv8fU,Communist Leaders Tier List- Part 1,midwesternmarx,2025-07-01,PT44M10S,5607,263,111,7319,92,1.257,Likely Monetised,"god, destroy, bastard, kill, hitler, hell, racist, damage, attack, weapon",No
MmuVfw7ZnXA,“The Leftist Rebrand” ft. ​⁠@iDubbbzTV,olurinatti,2023-07-16,PT49M19S,127421,8963,0,9985,142,1.4221,Likely Monetised,"damn, god, destroy, kill, racism, hell, harassment, racist, damage, attack",Yes
MzscxerhBE8,Cenk Lies For Jussie Smollett,Actual Justice Warrior,2019-03-28,PT15M38S,300127,11018,2850,3008,53,1.762,Likely Monetised,"god, prosecutor, worst, corruption, felony, crime, wrong, stupid, evil, black",No
N4eQeuDLu-M,Eddie Screams at an Orthodox Russian Then They Become  Best Friends,midwesternmarx,2024-12-03,PT43M38S,2796,138,84,8022,124,1.5457,Likely Monetised,"damn, god, destroy, jail, kill, nonsense, attack, gun, weapon, violence",No
NUU9opfCmF0,Posie Parker Stumps Piers Morgan,The Podcast of the Lotus Eaters,2022-05-19,PT30M32S,545330,21783,4924,6670,56,0.8396,Likely Monetised,"god, vagina, hell, abusive, racist, nonsense, damage, attack, violence, assault",Yes
O8TjbeaKIb0,Knowing Better FAILS On Criminal Justice,Actual Justice Warrior,2020-07-16,PT26M2S,89901,4811,1151,4990,183,3.6673,Likely Demonetised,"judge, kill, racism, nonsense, murder, gun, weapon, violence, assault, majority",Yes
O8UzmLsXGRU,How Societies Turn Cruel,Three Arrows,2019-07-24,PT30M27S,965144,50068,7250,6433,134,2.083,Uncertain,"god, destroy, kill, hitler, genocide, racism, concentration camp, racist, nonsense, damage",No
OLBLmvqbw_c,Ebro Darden Explains What Rappers Owe to the Culture & The Evolution of Hip Hop | ICONIC INTERVIEW,olurinatti,2023-07-30,PT1H2M55S,9782,884,72,13431,62,0.4616,Likely Monetised,"god, jail, hell, racist, violence, pandemic, death, bail, brutality, harass",No
OWugZpfqrkQ,Why are Black Men Celebrating Caitlin Clark but not Angel Reese? | OLAY & FRIENDS,olurinatti,2024-06-23,PT1H7M49S,51931,2767,368,13150,205,1.5589,Likely Monetised,"damn, god, hitler, racism, racist, nonsense, attack, supremacist, shit, worst",Yes
Oc8uxDDdJs0,Project Veritas vs the New York Times,The Podcast of the Lotus Eaters,2020-11-11,PT16M35S,31144,3136,372,3315,15,0.4525,Likely Monetised,"damn, lawsuit, corruption, crime, wrong, hang, nonsense, murder, white, defeat",No
PHgBoLA8owQ,"Eddie Liger Livestream 4/26 : Favorite books, DPRK talk, and Ecosocialism",midwesternmarx,2021-04-26,PT42M11S,1304,119,10,7190,48,0.6676,Likely Monetised,"slave, destroy, kill, racist, nonsense, strike, evil, prison, cocaine, wrong",Yes
PThXQdSC3Ac,Black Leaders PANIC After Whites Leave City,Actual Justice Warrior,2024-05-01,PT14M43S,2303833,62992,18185,2894,61,2.1078,Uncertain,"decimate, evil, worst, segregation, crime, cringe, black, litigation, majority, fight",Yes
PdGkGxISSBU,Mentally Challenged Trump supporter Tortured in Chicago (Rant),Actual Justice Warrior,2017-01-05,PT7M35S,1810,68,10,1239,60,4.8426,Likely Demonetised,"jail, kidnap, racism, racist, attack, violence, mentally, scumbags, black lives matter, torture",No
PlU5VHTlWYY,Probably Cancelled | The Decline of the Left w/Alex McKay,midwesternmarx,2024-10-16,PT1H13M47S,7012,453,147,12516,96,0.767,Likely Monetised,"god, destroy, hitler, genocide, racism, hell, prostitution, damage, attack, weapon",Yes
QFOO1RWnuK8,China is the New Land of the Free! This Beer Video Proves it!,midwesternmarx,2024-10-09,PT4M45S,5017,345,143,745,11,1.4765,Likely Monetised,"god, crime, insane, alcoholic, shoot, beer",Yes
Qfpj5qQr9KA,How Men Become Aziz Ansari,olurinatti,2025-01-31,PT27M59S,503983,36239,2665,6342,176,2.7751,Uncertain,"judge, kill, vagina, harassment, attack, assault, sexist, sexual, strike, evil",Yes
Qo3EehSbx8o,It's OVER For Democrat Cities,Actual Justice Warrior,2025-11-21,PT16M28S,63177,3135,686,3173,12,0.3782,Likely Monetised,"die, majority, damage, false, death, tax, war",No
R60kc-dq0bo,Why Sinners is Hollywood’s Worst Nightmare,olurinatti,2025-04-30,PT30M9S,383838,28668,2469,6029,165,2.7368,Uncertain,"damn, judge, god, racism, racist, murder, majority, evil, wrong, pain",Yes
R_qJQx-DsK0,Biden Plans to Bring Back Critical Race Theory,The Podcast of the Lotus Eaters,2020-11-10,PT10M18S,14457,1256,165,2037,39,1.9146,Likely Monetised,"white supremacy, sex, judge, evil, god, racism, black, black lives matter, racist, insane",No
RyxWCWciutM,"Affirmative Action is Gone, Now What? ​⁠| OLAY & FRIENDS",olurinatti,2023-07-09,PT1H16M51S,63561,4545,331,15420,333,2.1595,Uncertain,"damn, god, destroy, kill, racism, hell, racist, attack, false, all lives matter",No
SmpkdPm9eeQ,How the U.S. Keeps Losing its Wars,Three Arrows,2021-10-29,PT40M53S,388784,25946,2751,2261,95,4.2017,Likely Demonetised,"worst, die, corruption, hell, black, nuclear, recovery, terrorist, fight, damage",No
T2hSaSzeKeY,Diddy Is Worse Than You Think | OLAY & FRIENDS,olurinatti,2024-04-28,PT1H15M56S,48044,2924,167,15820,425,2.6865,Uncertain,"damn, slave, jail, god, destroy, kill, judge, racism, hell, abusive",No
T2oL0DdKWHo,Adnan Syed Is STILL 100% GUILTY,Actual Justice Warrior,2022-10-16,PT33M50S,51787,3010,822,6598,74,1.1216,Likely Monetised,"destroy, kill, nonsense, murder, weapon, false, marijuana, death, harass, wrong",Yes
TEdqxsIjZo0,Kendrick & Hip Hop's Beef with Drake: Round 1 | OLAY & FRIENDS,olurinatti,2024-05-05,PT1H37M38S,124245,6019,795,18768,234,1.2468,Likely Monetised,"damn, god, kill, racist, nonsense, attack, murder, bitch, gun, violence",No
Ted1IrlzkiY,Imperialism the Highest Stage of Capitalism-CH 8: Decay of Capitalism,midwesternmarx,2021-01-03,PT20M57S,2408,216,10,3851,22,0.5713,Likely Monetised,"slave, destroy, corruption, depression, opposition, fight, insane, pandemic, dictator, inflation",Yes
Tpj9Ydhy1nA,Cuba Submits Official Request to Join BRICS!!,midwesternmarx,2024-10-09,PT11M11S,2439,271,44,1879,5,0.2661,Likely Monetised,"criminal, destroy, gun, threat",No
U6_jQRXTprM,INTERVIEW with HUGO CHAVEZ TERAN on VENEZUELA'S SUCCESS AND U.S. IMPERIALISM,midwesternmarx,2024-12-30,PT10M2S,2225,205,17,1359,0,0.0,Likely Monetised,,Yes
UL648Ernf9s,Zionism Versus Revolutionary Yiddishland | Educate Against Genocide Class 2,midwesternmarx,2023-12-22,PT2H15M50S,1214,123,7,21422,236,1.1017,Likely Monetised,"jail, destroy, kidnap, kill, chemical, god, hitler, genocide, hell, concentration camp",Yes
USoy-VxpbCM,Joe Rogan and Tim Pool vs Twitter,Actual Justice Warrior,2019-03-09,PT17M45S,34839,1873,292,3487,48,1.3765,Likely Monetised,"destroy, kill, bounty, harassment, nonsense, scum, attack, false, violence, strike",Yes
VC4sAaV1eBs,Fox News: How To Whitewash an Atrocity,Three Arrows,2019-12-01,PT32M31S,817097,43082,4030,5228,111,2.1232,Uncertain,"god, judge, jail, kill, destroy, racist, nonsense, attack, gun, weapon",Yes
VNRZapESOqs,Israel Admits to Targeting Civilians,midwesternmarx,2023-12-18,PT3M45S,407,41,2,391,6,1.5345,Likely Monetised,"criminal, damage, attack, kill",No
Vcbloi9B9Ew,Cop CAUGHT Stealing Sneakers,Actual Justice Warrior,2024-03-04,PT18M9S,34396,2515,690,3525,50,1.4184,Likely Monetised,"jail, kill, racism, racist, attack, worst, corruption, 911, mug, bail",Yes
W-0PKr2jWXY,Is the USA a Black Country?,midwesternmarx,2025-08-12,PT3M57S,1922,162,28,614,28,4.5603,Likely Demonetised,"white supremacy, slave, racism, black, fight, slavery, white, segregation, war, strike",No
WL0M5yP83ko,"PODCAST #1 AMERICAN SOCIALISM, VENEZUELA, AND MORE",midwesternmarx,2020-12-15,PT57M40S,2038,170,24,9707,97,0.9993,Likely Monetised,"slave, god, destroy, kidnap, kill, racism, hell, nonsense, murder, suicide",Yes
WhB9gxYAY7s,Ana Navarro Goes FULL RACIST On Brad Polumbo,Actual Justice Warrior,2025-07-17,PT15M36S,53801,3323,897,3081,63,2.0448,Uncertain,"damn, god, racist, attack, puberty, inflation, worst, terror, procedure, sterilize",No
WuJXVrT7et0,Eddie's Virtual 28th Birthday Party- Power Hour,midwesternmarx,2025-04-10,PT1H16M11S,718,59,11,12276,121,0.9857,Likely Monetised,"god, destroy, judge, bastard, hitler, genocide, nonsense, attack, weapon, supremacist",Yes
X5apTaxas4Y,Antonio Gramsci on Ideology,midwesternmarx,2025-06-06,PT4M57S,1661,164,15,930,5,0.5376,Likely Monetised,"defeat, prison, war, false",No
XB04fw68cJg,Flashback: Trump calls out Bush family for Iraq War,midwesternmarx,2021-02-18,PT11M2S,1392,209,23,2183,38,1.7407,Likely Monetised,"torture, prison, die, destroy, opposition, majority, racist, kkk, attack, weapon",No
XVphrchN5G4,Is There a Baby Mama Crisis in Black Hollywood? | OLAY & FRIENDS,olurinatti,2024-11-24,PT1H21M22S,101239,5074,384,17635,143,0.8109,Likely Monetised,"damn, god, jail, dumbass, destroy, kill, judge, hell, abusive, thug",Yes
Xmq6MvaKphk,Midwestern Marx Podcast #8 Talking with BayArea415 about Socialism in China,midwesternmarx,2021-05-15,PT1H1M25S,5524,362,67,10305,61,0.5919,Likely Monetised,"god, destroy, genocide, attack, opposition, death, evil, wrong, fight, shoot",Yes
XoBaG_E81j8,Glen Greenwald Dismantles Ben Shapiro' On Yemen,midwesternmarx,2024-01-20,PT26M14S,4670,308,35,5154,112,2.1731,Uncertain,"god, destroy, kill, genocide, hell, attack, weapon, violence, terror, majority",Yes
Y07gja_21gQ,Gender Propaganda in Kindergarten,Actual Justice Warrior,2018-05-02,PT5M35S,14345,443,112,1137,33,2.9024,Uncertain,"sex, transgenderism, dysphoria, discrimination, sexist, wrong, hell, majority, fight, puberty",No
Y8MsJeThWmU,How Transphobia Hurts Black Women,olurinatti,2024-03-14,PT17M4S,81443,8687,548,3319,68,2.0488,Uncertain,"damn, god, destroy, kill, racism, attack, gun, false, murder, violence",Yes
YHcsuYFlKDM,New York is Falling Apart & Here's Why,olurinatti,2025-01-09,PT16M30S,110547,11435,852,3775,118,3.1258,Likely Demonetised,"damn, jail, destroy, kill, murder, gun, attack, violence, mentally, procedure",Yes
YWmG96rdvu4,The Last Political Episode of 2024 | OLAY & FRIENDS,olurinatti,2024-11-10,PT1H16M21S,0,3376,547,15430,130,0.8425,Likely Monetised,"damn, god, jail, kill, racism, hell, concentration camp, racist, attack, inflation",No
YvAFRa9aPq4,How Crime Data Is Manipulated,Actual Justice Warrior,2023-11-11,PT18M20S,100260,5719,932,3391,114,3.3618,Likely Demonetised,"kill, robbery, crime, assault, racism, black, black lives matter, criminal, fight, dead",No
Z6rji1fKrZ8,How John Oliver can save Sargon,Actual Justice Warrior,2017-09-11,PT6M28S,12695,452,64,1285,22,1.7121,Likely Monetised,"destroy, die, lawsuit, crybaby, harass, irrelevant, bitter, fight, damage, regressive",Yes
ZEWJIHuD1uI,Adam Ruins Everything Fails on Gun Control,Actual Justice Warrior,2018-12-08,PT21M43S,907000,37484,5972,4358,196,4.4975,Likely Demonetised,"judge, destroy, kill, abusive, racist, cringy, weapon, gun, false, murder",Yes
ZPSLKEs_1a4,Anita vs The Mandalorian,Actual Justice Warrior,2019-12-01,PT13M51S,25933,1580,420,2623,23,0.8769,Likely Monetised,"worst, wrong, sexist, nonsense, damage, villain, controversy, war",Yes
ZvoU7VEqR7M,Biden Launches Missiles Into Syria. CNN Applauds,midwesternmarx,2021-02-26,PT11M48S,3465,465,39,2205,64,2.9025,Uncertain,"sex, assassinate, kill, court, racism, nuclear, propaganda, attack, murder, pandemic",Yes
_0FKAMdP3nI,"Iran Attacked by Terrorists! Will ""lame duck"" President Trump invade Iran?",midwesternmarx,2020-12-02,PT8M39S,778,124,24,1552,37,2.384,Uncertain,"assassinate, worst, terror, lawsuit, evil, destroy, kill, bounty, nuclear, ira",No
_9ectEMceBk,Game Of Thrones Season 7 Ep. 1 review (Spoilers),Actual Justice Warrior,2017-07-19,PT10M1S,217,12,13,2347,31,1.3208,Likely Monetised,"assassinate, worst, die, kill, defeat, kidnap, pain, black, dead, threat",No
_BIMxxfRBX4,The little 50.000 Subscribers Q&A,Three Arrows,2018-09-07,PT14M33S,56684,2471,384,3185,45,1.4129,Likely Monetised,"concentration camp, damage, attack, violence, shit, nazi, majority, wrong, threat, minority",Yes
_G5YDHRys9U,What is NEW about U.S. IDEOLOGY today?,midwesternmarx,2024-12-12,PT8M32S,3756,329,28,1240,10,0.8065,Likely Monetised,"threat, prison, fight, majority",Yes
_M4bPbcN9TY,ACP Executives React to Liberal Election Meltdowns,midwesternmarx,2024-11-07,PT13M33S,6205,538,157,2146,20,0.932,Likely Monetised,"god, terror, prison, kill, crybaby, hell, hang, fight, insane, weapon",No
_Ux2HtHsN64,CAN TRAORE AND THE AES HELP TO FREE AFRICA? | AHMED KABALLO,midwesternmarx,2026-02-09,PT1H7M5S,2168,262,25,10828,83,0.7665,Likely Monetised,"slave, judge, destroy, kidnap, kill, genocide, abusive, attack, gun, weapon",No
a0g0BDEid8M,Who's at Fault for the Refugee Crisis?,Three Arrows,2018-04-20,PT25M31S,256132,12701,2075,5066,44,0.8685,Likely Monetised,"damn, judge, destroy, kill, chemical, attack, weapon, violence, terror, procedure",No
a0tD4hmswz4,Dearborn Mayor Says Muslims Are ABOVE Assimilation,Actual Justice Warrior,2025-11-19,PT27M39S,123919,6748,4670,5511,91,1.6512,Likely Monetised,"god, dumbass, kill, hell, racist, attack, gun, false, 9/11, violence",No
aI6cyXovV34,EPSTEIN CLASS WANTS REGIME CHANGE IN IRAN | JENNIFER KINGS,midwesternmarx,2026-02-07,PT1H7M41S,1945,202,19,11436,146,1.2767,Likely Monetised,"slave, damn, god, kill, genitals, genocide, hell, prostitution, weapon, violence",No
aKKtJpIz02g,They Were BEGGING For Him To Be White,Actual Justice Warrior,2025-12-05,PT12M,68629,4073,945,2329,74,3.1773,Likely Demonetised,"evil, terror, kill, crime, discrimination, racism, black, hell, bounty, terrorist",No
aMvhVSL3cKo,Eddie Liger Smith Free Palestine Tik Tok Compilation,midwesternmarx,2021-05-20,PT7M19S,1222,165,10,1615,30,1.8576,Likely Monetised,"terror, die, kill, crime, genocide, opposition, terrorist, fight, racist, murder",No
aV5e5xbnqiw,Marx on the Individual Part 2/2 | Weekend Podcast #26,The Podcast of the Lotus Eaters,2021-02-21,PT26M34S,21747,1527,165,4422,20,0.4523,Likely Monetised,"slave, oppressor, die, kill, wrong, slavery, death",Yes
afE23ZLGBKE,Carlos Garrido Reports from Caracas Venezuela,midwesternmarx,2024-07-27,PT6M27S,2160,323,81,1116,17,1.5233,Likely Monetised,"terror, worst, die, stupid, opposition, fight, weapon, dictator, violence, war",No
ak7Ig-f4Jkw,WHY NORTH KOREA IS THE MOST FREE AND DEMOCRATIC COUNTRY ON EARTH,midwesternmarx,2025-06-24,PT3M8S,4895,285,199,499,0,0.0,Likely Monetised,,No
b8AcmzqFdPM,Jordan Peterson Doesn't Understand Nazism,Three Arrows,2018-05-04,PT20M10S,896364,33357,8253,3869,143,3.696,Likely Demonetised,"damn, jail, gypsy, destroy, kill, hitler, genocide, hell, racist, murder",No
bBj6CVPz9_Q,Marxist Materialism: A Philosophical Development,midwesternmarx,2020-11-28,PT41M53S,2024,182,12,6125,10,0.1633,Likely Monetised,"god, destroy, die, stupid, dead, white, transition",Yes
bKwXuwuAOFw,When the U.S. Asked Israel for Advice on Occupying Iraq,midwesternmarx,2023-12-25,PT2M20S,860,133,11,411,13,3.163,Likely Demonetised,"torture, destroy, prison, suppress, fight, weapon, death, war",No
bLTgFZi-0Z8,Tech Giants FIRE Woke Employees,Actual Justice Warrior,2023-01-26,PT26M44S,746304,25340,5361,5515,32,0.5802,Likely Monetised,"sex, virus, worst, judge, pregnant, inflation, recession, bitter, black, hang",Yes
bUMpdmaa-Kg,Probably Cancelled | Multipolarity Rising | Russia's Relations w/DPRK&Vietnam | Don Courter,midwesternmarx,2024-07-12,PT1H6M9S,3214,271,84,12105,97,0.8013,Likely Monetised,"jail, destroy, kill, chemical, hell, concentration camp, racist, attack, weapon, violence",No
bknH4NFM_YU,Noah's Show | Noah Humiliates a Neo-n*zi and More!,midwesternmarx,2024-10-22,PT2H8M55S,1195,116,30,15757,100,0.6346,Likely Monetised,"god, jail, kidnap, bastard, kill, genocide, hell, nonsense, attack, gun",No
bnaNg6EQjZw,"TS Madison on Relatability, Haters, Beyonce, Mo'Nique & Taking Up Space | ICONIC INTERVIEW",olurinatti,2024-03-24,PT56M6S,23330,1853,105,11080,77,0.6949,Likely Monetised,"damn, sex, god, stupid, vagina, wrong, black, hell, majority, hate",Yes
c2K1TfMFuNo,Hasan Piker Calls the ACP Federal Agents at Cambridge University,midwesternmarx,2024-12-05,PT2H29M37S,5729,298,316,25205,212,0.8411,Likely Monetised,"damn, god, destroy, kill, racism, hell, harassment, nonsense, damage, attack",Yes
cEFTxxx9Z4k,Unpacking Kamala's Run & Ana Kasparian's Grift | OLAY & CHILL,olurinatti,2024-11-02,PT1H14M4S,0,5777,833,16900,174,1.0296,Likely Monetised,"damn, god, destroy, bastard, hitler, racism, genocide, racist, attack, gun",No
cUhY_gefO4c,Why Serial Killers Aren’t “Monsters”,olurinatti,2025-12-31,PT1H45M5S,338668,22360,2557,20592,480,2.331,Uncertain,"nipple, jail, judge, kidnap, kill, destroy, god, racism, hell, harassment",Yes
dDyhSMW6jgE,Kendrick & Hip Hop’s Beef with Drake: Round 3 | OLAY & FRIENDS,olurinatti,2024-06-30,PT1H7M48S,41283,2194,332,14490,64,0.4417,Likely Monetised,"damn, judge, god, abusive, attack, murder, gun, violence, worst, hypocrite",Yes
dLZ3IVhZyo4,"Foreign on Being a Progressive Bahamian, Caribbean Values & American Audiences",olurinatti,2024-06-27,PT56M14S,21728,1587,124,11941,81,0.6783,Likely Monetised,"damn, god, kill, racist, damage, violence, majority, strike, torture, pain",Yes
e4b3aOFjqUk,"PODCAST #5: HUEY NEWTON""S REVOLUTIONARY SUICIDE, BLACK PANTHERS, AND MORE",midwesternmarx,2021-02-01,PT1H19M28S,3783,312,31,15540,220,1.4157,Likely Monetised,"slave, jail, god, destroy, kill, hitler, racism, genocide, hell, racist",No
eEJsv7NStgI,Why is Everyone Hating on Angel Reese?,olurinatti,2023-04-06,PT15M57S,15513,1894,174,2930,86,2.9352,Uncertain,"damn, racism, hell, harassment, racist, attack, hypocrite, assault, doxing, bigot",No
eLBfjvzPUP4,Men For Kamala Ad Is The WORST,Actual Justice Warrior,2024-10-12,PT17M23S,90506,6236,2522,3686,17,0.4612,Likely Monetised,"sex, god, judge, evil, die, wrong, hell, black, bitter, dead",Yes
e_CfPQ8znRE,Jussie Smollett Convicted Of HOAX,Actual Justice Warrior,2021-12-11,PT20M35S,71497,4964,1158,3950,92,2.3291,Uncertain,"jail, kill, racist, attack, murder, false, weapon, inflation, ira, suicide",No
ewr-XBZwyzA,Minnesota Judge Says Somalis Have A RIGHT TO STEAL,Actual Justice Warrior,2025-11-26,PT16M31S,172095,8833,3790,2914,44,1.51,Likely Monetised,"judge, prosecutor, worst, god, dumbass, crime, wrong, hell, majority, criminal",Yes
fBawKNeZbqc,Joe Rogan On Gaddafi & Libya,midwesternmarx,2024-01-10,PT2M5S,4892,458,30,408,6,1.4706,Likely Monetised,"slave, kill, death, slavery, disaster",Yes
fIqdMDe2pjs,Why Greg Abbott is The Most Dangerous Man in America,olurinatti,2024-04-20,PT1H25M12S,119211,9108,1428,16669,445,2.6696,Uncertain,"slave, damn, judge, destroy, jail, kill, god, chemical, dumbass, racism",Yes
fnqrarfzGSA,Black LGBT People are Still Black | OLAY & FRIENDS,olurinatti,2023-08-06,PT1H19M,53424,4107,341,15894,288,1.812,Likely Monetised,"slave, damn, god, destroy, boob, kill, hell, abusive, racist, nonsense",No
fvSzQMNhlfk,"Conscious Lee on TikTok Fame, The Value of Education, Controversy, Accountability & Afro-Pessimism",olurinatti,2024-06-02,PT1H6M43S,18576,1620,100,16032,242,1.5095,Likely Monetised,"damn, slave, jail, god, kill, racism, genocide, hell, racist, nonsense",Yes
gNfvSqHk-8U,Probably Cancelled | Burning Man is an Inside Job: Psychedelic Culture as Bio-Warfare w/John Potash,midwesternmarx,2025-01-05,PT1H3M12S,3240,298,78,10826,150,1.3856,Likely Monetised,"god, gypsy, judge, kill, chemical, hell, lsd, heroin, thug, racist",No
gUHU0lNgKXY,Sweden is a War Zone,The Podcast of the Lotus Eaters,2025-01-31,PT25M49S,369994,18984,6851,4504,79,1.754,Likely Monetised,"god, destroy, kill, robbery, damage, attack, gun, murder, violence, worst",Yes
gfHXJRqq-qo,Guns in the Third Reich - A Response to Ben Shapiro and Others,Three Arrows,2018-03-23,PT22M19S,928737,41650,8246,4613,178,3.8587,Likely Demonetised,"destroy, kill, hitler, genocide, concentration camp, nonsense, attack, gun, weapon, murder",Yes
ggFJ_kpqhUs,Cenk's EPIC Tim Pool Meltdown Live Reaction With @AlfBenny,Actual Justice Warrior,2022-11-23,PT1H50M35S,97869,4308,1000,18688,321,1.7177,Likely Monetised,"damn, god, jail, destroy, kill, boob, pedo, genocide, hell, nonsense",No
grd35B5dl9Y,The 7 Deadly Sins of Black Politicians,olurinatti,2024-11-30,PT52M55S,114913,8214,482,10585,308,2.9098,Uncertain,"damn, god, jail, kill, bastard, genocide, racism, hell, racist, attack",Yes
gyFTPYmlx3Q,THE CONTROLLED OPPOSITION OF ZOHRAN MAMDANI | NIKO HOUSE,midwesternmarx,2026-01-11,PT1H20M34S,2353,249,46,16723,153,0.9149,Likely Monetised,"damn, god, judge, dumbass, kill, kidnap, hitler, destroy, racism, genocide",Yes
h-reYV5NteM,How a TikTok Star Ended Up in Prison,olurinatti,2024-07-24,PT18M35S,41051,4385,295,3692,91,2.4648,Uncertain,"jail, kidnap, kill, harassment, abusive, murder, gun, violence, suicide, worst",Yes
hAzJPldtt3Y,"Jamaal Bowman on the Influence of AIPAC, Calling for a Ceasefire, Reparations & Reelection",olurinatti,2024-06-10,PT50M50S,11242,1301,103,9189,164,1.7847,Likely Monetised,"damn, jail, god, kill, hitler, genocide, racism, hell, thug, racist",No
hBGU6bwB60k,What is Abolition?,olurinatti,2023-05-18,PT13M28S,31762,3923,286,2431,107,4.4015,Likely Demonetised,"jail, kill, child porn, murder, incest, violence, pornography, assault, majority, bail",Yes
hUFvG4RpwJI,Was Hitler a Socialist?,Three Arrows,2018-09-28,PT42M43S,1020267,43894,14295,7300,194,2.6575,Uncertain,"damn, jail, destroy, kill, hitler, genocide, harassment, concentration camp, racist, murder",Yes
hUYprCCnAnE,Woke Artist DEMANDS You Worship Black Women,Actual Justice Warrior,2025-05-09,PT15M43S,66878,4128,2187,3265,47,1.4395,Likely Monetised,"god, evil, stupid, black, racist, nonsense, scum, hate, white, strike",No
hV_pjx5HRX0,From MLK's Civil Rights Movement to Fain and the UAWs New Labor Movement,midwesternmarx,2024-01-12,PT16M18S,697,76,8,2530,37,1.4625,Likely Monetised,"neo-nazi, torture, destroy, die, kill, evil, racism, nazi, black, racist",Yes
hYjNLp6QXAY,Biden Victory Means 4 Years of Trump Support Wasted for UK-US Trade Deal,The Podcast of the Lotus Eaters,2020-11-10,PT8M48S,14052,1144,135,1986,13,0.6546,Likely Monetised,"virus, kill, wrong, ira, racist, hate, burn, white, war",Yes
iMf3SV6aHNY,12 Year Old Arrested For Hate Crime,Actual Justice Warrior,2019-03-03,PT6M37S,14929,1411,352,1206,76,6.3018,Likely Demonetised,"vandalism, jail, kill, hitler, harassment, racist, nazi, neo-nazi, evil, wrong",No
iYTuwtw7yvw,Diddy is Going to Prison | OLAY & FRIENDS,olurinatti,2024-09-22,PT1H15M33S,63304,3230,268,16034,236,1.4719,Likely Monetised,"slave, damn, god, jail, destroy, vagina, hell, abusive, attack, gun",Yes
iwXD625QpRI,The Detrans Wave Is Coming,The Podcast of the Lotus Eaters,2022-06-30,PT25M4S,376276,17061,3290,5248,60,1.1433,Likely Monetised,"god, judge, destroy, kill, nonsense, damage, puberty, mentally, pregnant, assault",No
jSSU1QUAAlQ,Why SJW Characters Fail,Actual Justice Warrior,2019-03-19,PT14M2S,31233,1623,331,2645,32,1.2098,Likely Monetised,"judge, destroy, evil, kill, worst, wrong, stupid, suppress, racist, threat",Yes
jzhuS6e7OcI,Most Absurd Debate Ever? Explaining Browderism to an ACP Hater,midwesternmarx,2024-12-02,PT15M7S,1897,110,39,2611,20,0.766,Likely Monetised,"god, wrong, majority, minority, violence, flag",Yes
k9YNL7mzcfM,The GREAT 10.000+ Subscriber Q&A!,Three Arrows,2018-04-05,PT25M47S,55638,2134,320,5049,71,1.4062,Likely Monetised,"god, kill, nazi, majority, death, prison, graffiti, fight, shoot, white",Yes
kEh-lDPLEIw,Communist Leaders Tier List- Part 2,midwesternmarx,2025-07-02,PT47M19S,3550,144,25,7804,83,1.0636,Likely Monetised,"damn, slave, god, destroy, kill, hell, racist, murder, gun, attack",Yes
kL_zFC2EcXk,Ghosts of Plum Run. Audiobook and Analysis. Part. 1,midwesternmarx,2021-04-11,PT31M51S,1040,30,6,4815,46,0.9553,Likely Monetised,"damn, slave, god, terror, die, pain, nazi, bounty, black, hell",No
kooGsWhKvIY,"Jarvis tells his Origin Story, how he became a YouTuber, Sad Boyz, and Surviving the Internet",olurinatti,2024-07-13,PT1H19M59S,14048,1098,82,16387,113,0.6896,Likely Monetised,"jail, god, destroy, chemical, kill, dumbass, harassment, abusive, gun, worst",No
lJnutq4zIIY,Why Clarence Thomas Shouldn’t Be on The Supreme Court,olurinatti,2023-04-14,PT11M30S,19369,2833,240,1944,31,1.5947,Likely Monetised,"damn, god, harass, judge, corruption, assault, racism, black, supremacist, hate",Yes
lLOQRG4vcT4,Why Everybody Hates Eric Adams,olurinatti,2023-09-28,PT1H49M41S,316620,18549,1948,19201,451,2.3488,Uncertain,"damn, god, jail, kidnap, judge, robbery, kill, destroy, racism, hell",Yes
m6CBGDFJ4lM,"Drake, DJ Akademics & Diaspora Discussions | OLAY & FRIENDS",olurinatti,2024-05-19,PT1H59M19S,85397,4063,574,25805,475,1.8407,Likely Monetised,"damn, slave, god, judge, kill, hell, abusive, thug, nonsense, supremacist",Yes
mBdoixPpIdc,CHINA AND THE TRUMP ADMINISTRATION | Escaping the Cave | Ft. Haz Al-Din,midwesternmarx,2025-02-14,PT29M38S,5238,598,107,4652,11,0.2365,Likely Monetised,"evil, worst, prison, destroy, corruption, punishment, fight, attack, burn, war",Yes
mGUxNg-n69U,FOLLOW THE MONEY,midwesternmarx,2024-04-27,PT2M32S,1419,240,14,363,4,1.1019,Likely Monetised,"criminal, genocide, tax",No
mz7hhS-z-SU,AOC DECLARES WAR On Young White Men,Actual Justice Warrior,2025-11-21,PT16M29S,158976,7594,4244,3230,77,2.3839,Uncertain,"kill, robbery, racism, racist, nonsense, attack, supremacist, worst, majority, dictator",Yes
n9FTqPQ06eY,Why Marxism-Leninism and the ACP are the Answers for America | Noah Khrachvik and Carlos Garrido,midwesternmarx,2024-11-14,PT2H28M37S,4119,270,60,25100,143,0.5697,Likely Monetised,"damn, slave, judge, destroy, god, kill, hitler, genocide, racism, hell",Yes
nIjizT8LikI,Marx Defeating Dogmatism: Studies Beyond the Unilateral Theory of History,midwesternmarx,2021-02-20,PT40M2S,1934,202,14,6473,22,0.3399,Likely Monetised,"slave, destroy, die, wrong, stupid, genocide, hell, dead, insane, fight",Yes
nJwlHqZkPVE,David Pakman's RIDICULOUSNESS; Eddie Liger on the Jaybefaunt Show,midwesternmarx,2024-01-22,PT1H59M42S,2367,207,57,18424,111,0.6025,Likely Monetised,"damn, slave, god, chemical, kill, hell, racist, attack, murder, inflation",Yes
nj0ZcSL-zGI,The Silencing of Palestine,olurinatti,2023-11-27,PT55M6S,137297,12147,1396,10922,259,2.3714,Uncertain,"damn, god, destroy, kill, hitler, genocide, racism, hell, harassment, racist",Yes
njWf6oa1pqk,Why Eric Adams is NOT The Hip Hop Mayor,olurinatti,2023-03-20,PT9M3S,16786,2408,185,1560,54,3.4615,Likely Demonetised,"judge, prosecutor, kill, assault, crime, black, criminal, attack, shoot, death",Yes
nme-7S_u1WU,Libertarian VS Communist Debate: Eddie Liger Smith & Matt Connolly vs Bean & SerbianVoluntarist,midwesternmarx,2021-02-04,PT1H59M33S,22331,994,630,23650,196,0.8288,Likely Monetised,"slave, jail, destroy, judge, kill, recession, attack, gun, weapon, false",Yes
nvVVyXLlkL0,State and Revolution: Ch 4- Engels Criticism of Opportunists and Social Democrats Pt 4-6,midwesternmarx,2021-03-03,PT18M40S,2161,173,20,3434,24,0.6989,Likely Monetised,"evil, corruption, wrong, suppress, majority, fight, minority, threat, gun, weapon",Yes
oG5EpzGmAtA,How “This Didn’t Age Well” Destroyed Media Literacy,olurinatti,2025-06-23,PT47M41S,325126,22206,2478,9954,189,1.8987,Likely Monetised,"damn, god, destroy, judge, jail, kill, racism, hell, harassment, racist",Yes
oL8mThS1BeE,Marx on the Individual Part 1/2 | Weekend Podcast #25,The Podcast of the Lotus Eaters,2021-02-20,PT42M44S,38017,2579,466,6881,23,0.3343,Likely Monetised,"sex, god, prison, kill, wrong, minority, prostitute, death, alter",No
oLtzh4xP9SE,Woke Asians DESTROYED On Vice Panel,Actual Justice Warrior,2023-02-09,PT28M4S,243590,13178,3601,5774,153,2.6498,Uncertain,"destroy, kill, racism, genocide, hell, nonsense, kkk, attack, false, violence",Yes
oQ-7K--gDP0,Parenti on the good parts of the USA,midwesternmarx,2021-02-18,PT8M22S,2132,304,27,1478,30,2.0298,Uncertain,"jail, prison, die, evil, bigot, racist, fight, slavery, death, tax",No
oTWZXQv0PyM,Chicago Mayor Blames Whites For Black On White Crime,Actual Justice Warrior,2025-11-29,PT15M44S,99310,5729,2506,3071,90,2.9306,Uncertain,"jail, judge, kill, racism, racist, nonsense, damage, attack, murder, violence",Yes
oh6SlcIqIfI,Tom Cotton Visits Fox to Spew Conspiracies About China,midwesternmarx,2021-02-08,PT9M26S,1277,223,30,1810,34,1.8785,Likely Monetised,"evil, destroy, die, virus, worst, hitler, pain, nuclear, dead, racist",No
pIF543-GLb4,How The Supreme Court is Destroying America,olurinatti,2023-04-28,PT10M11S,10819,1998,177,1820,46,2.5275,Uncertain,"sex, judge, destroy, jail, lawsuit, procedure, hang, majority, threat, hate",No
pS0ZFhu0oq8,"Well, Well, Well, if It Isn’t the Consequences of My Own Actions",The Podcast of the Lotus Eaters,2025-03-16,PT14M36S,594399,24851,4754,3039,54,1.7769,Likely Monetised,"god, jail, die, prison, discrimination, crime, wrong, minority, racist, fight",Yes
q5Joj2FsTWY,State and Revolution: Ch 4- Explanation by Engels and Critique of Anarchism. Pt1-3,midwesternmarx,2021-02-22,PT17M9S,2614,206,24,3300,27,0.8182,Likely Monetised,"jail, destroy, kill, crime, wrong, hang, majority, minority, violence, defeat",Yes
qdKtLs0cnjg,Is There Hope for The Black Vote? | OLAY & FRIENDS,olurinatti,2024-04-14,PT1H33M36S,45060,2493,396,21030,265,1.2601,Likely Monetised,"damn, slave, judge, god, kill, racism, genocide, hell, nonsense, attack",Yes
qlrpSpwxgWw,"How ""Cultural Marxism"" became the Far-Right's Scapegoat",Three Arrows,2018-02-09,PT15M17S,791348,33775,5804,2993,41,1.3699,Likely Monetised,"destroy, racist, attack, murder, nazi, neo-nazi, majority, death, wrong, cringe",Yes
qql0BuorL3g,Joe Rogan Destroys Adam Ruins Everything,Actual Justice Warrior,2019-05-07,PT17M44S,465689,12324,2191,3741,44,1.1762,Likely Monetised,"god, transgenderism, chemical, procedure, regret, bigot, surgery, nonsense, sterilize, chemically",Yes
r2vsfRFQc3E,Leftist Influencers Tier List- Part 1,midwesternmarx,2025-07-10,PT29M2S,5090,184,53,4819,48,0.9961,Likely Monetised,"damn, destroy, dumbass, chemical, kill, genocide, hell, racist, attack, murder",Yes
rEEKbybv9FY,The New York Times Comes Out Against Critical Thinking,The Podcast of the Lotus Eaters,2021-02-22,PT33M29S,45471,3311,712,6877,41,0.5962,Likely Monetised,"god, hell, racist, nonsense, damage, false, neo-nazi, worst, evil, torture",Yes
rLIo_EP11eA,How Do Liberals Live with Themselves?,midwesternmarx,2023-12-19,PT6M5S,2262,183,14,688,13,1.8895,Likely Monetised,"god, die, kill, hitler, genocide, fight, holocaust, censorship, nazi",Yes
rXrr0nn-3KE,Is Black Media in Crisis?? | OLAY & FRIENDS,olurinatti,2024-04-07,PT2H2M39S,132599,6409,431,27188,409,1.5043,Likely Monetised,"slave, damn, jail, god, judge, racism, hell, racist, nonsense, attack",Yes
rkrK5mBc_Xg,How I Became a Socialist: My Personal Path to the Radical Left,midwesternmarx,2021-01-09,PT7M4S,28088,2916,263,1399,9,0.6433,Likely Monetised,"destroy, kill, wrong, fight, war, strike",Yes
sBODfLEZfWg,A Battle of Lies - Fake News in the Great War,Three Arrows,2018-08-12,PT27M2S,218368,11648,1048,5427,155,2.8561,Uncertain,"destroy, kill, hitler, genocide, nonsense, attack, gun, false, murder, weapon",No
sBdM8BKQUfM,We Went to Socialist Venezuela,midwesternmarx,2024-11-20,PT2M31S,2907,308,44,496,2,0.4032,Likely Monetised,"war, flag",Yes
sRSY3AlfKAk,Talking with Kosher White Wine & PoliticalMJ on China and Socialism,midwesternmarx,2021-01-06,PT1H18M33S,889,55,8,15017,142,0.9456,Likely Monetised,"damn, slave, jail, destroy, god, kill, genocide, hell, nonsense, damage",No
s_WkuGhEF0w,"Kamala, Palestine & The Uncommitted Movement | OLAY & FRIENDS",olurinatti,2024-08-25,PT1H13M31S,0,3374,553,14998,150,1.0001,Likely Monetised,"damn, god, kill, genocide, racism, hell, concentration camp, racist, attack, weapon",No
sc-euVL8xQs,Deutschland by Rammstein: An Analysis,Three Arrows,2019-10-06,PT27M31S,1541556,64886,6133,5823,111,1.9062,Likely Monetised,"judge, destroy, kidnap, kill, hitler, racism, hell, concentration camp, murder, gun",Yes
snBSkOV7et4,Boosie’s Homophobia & Why Black People Defend It | OLAY & FRIENDS,olurinatti,2024-10-06,PT1H12M14S,70703,4507,420,16054,249,1.551,Likely Monetised,"damn, slave, god, jail, judge, kill, vagina, hell, abusive, thug",Yes
sqyImQApqDs,Biden CRASHES & BURNS,Actual Justice Warrior,2024-06-28,PT22M5S,90653,5681,1677,4387,41,0.9346,Likely Monetised,"destroy, kill, damage, murder, incest, worst, assault, black lives matter, majority, opposition",Yes
srE9zqBoH74,The Fall of Eric Adams,olurinatti,2024-10-02,PT57M5S,301424,18331,1911,10316,150,1.4541,Likely Monetised,"god, destroy, kill, racism, hell, harassment, murder, gun, weapon, false",Yes
t-AlH_e3m6M,Kendrick & Hip Hop’s Beef with Drake: Round 2 | OLAY & FRIENDS,olurinatti,2024-05-12,PT2H13M23S,196894,7313,1283,26980,287,1.0638,Likely Monetised,"slave, damn, god, judge, bastard, hell, thug, racist, nonsense, damage",No
t84MM6nZiso,Winter Storm & Liberalism in Texas,midwesternmarx,2021-02-17,PT11M19S,2702,448,71,2405,21,0.8732,Likely Monetised,"destroy, die, wrong, stupid, insane, hate, war, propaganda",No
tA892U5VcYg,The True Story of the “Lone Survivor”,midwesternmarx,2023-12-23,PT4M20S,55886,1454,396,830,15,1.8072,Likely Monetised,"kill, regret, bitter, terrorist, attack, shoot, war, propaganda",Yes
tui1sWV1fnY,The Presidential Debate was a DISASTER... What Now? | OLAY & FRIENDS,olurinatti,2024-07-07,PT1H12M32S,0,2385,277,15451,165,1.0679,Likely Monetised,"slave, damn, god, jail, kill, racism, genocide, hell, racist, kkk",No
uLi5lne3T-k,COMMUNISM IS WINNING! | RATHBONE,midwesternmarx,2026-01-14,PT1H40M31S,4009,478,111,17463,104,0.5955,Likely Monetised,"slave, god, destroy, kill, genocide, hell, racist, scum, attack, gun",Yes
uwUsxCDq7VE,"The GRAMMYs Finally Got it Right, The Rise of Doechii & Kendrick’s Sweep | OLAY & FRIENDS",olurinatti,2025-02-09,PT1H54M39S,40840,2484,245,24047,178,0.7402,Likely Monetised,"damn, god, kill, hell, racist, prostitution, murder, attack, violence, worst",No
uwXrxhYaAxs,Mamdani Pledges To DESTROY New York,Actual Justice Warrior,2025-11-05,PT18M41S,96315,5805,2881,3416,31,0.9075,Likely Monetised,"damn, kill, damage, attack, inflation, worst, corruption, majority, bail, evil",Yes
v_-wUiVtKVE,Debating Sam Seder On Crime,Actual Justice Warrior,2023-08-02,PT1H58M26S,161645,5399,4989,21945,474,2.1599,Uncertain,"jail, judge, god, kill, robbery, pedo, recession, racism, hell, harassment",No
v_ZW-ioyTNU,"Laverne Cox on Trans Joy, Resistance & Survival | ICONIC INTERVIEW",olurinatti,2023-06-30,PT1H25M46S,38224,3751,391,17918,170,0.9488,Likely Monetised,"slave, transgenderism, god, judge, jail, kill, genocide, racism, racist, attack",No
vcquD2J462o,Krystal Ball Wants Sydney Sweeney DESTROYED,Actual Justice Warrior,2025-12-06,PT19M10S,89344,4873,2545,3740,46,1.2299,Likely Monetised,"god, boob, hell, racist, nonsense, nazi, neo-nazi, majority, pandemic, sexual",Yes
vjpwKvjmxiw,TYT RAGES At AOC,Actual Justice Warrior,2024-07-12,PT21M48S,114012,5563,1077,4308,35,0.8124,Likely Monetised,"god, worst, die, evil, wrong, black, hell, loser, majority, fight",No
vr_HvNxUEjM,The (Sad) State of Black Politics | OLAY & FRIENDS,olurinatti,2024-10-20,PT1H19M9S,42028,2263,195,15961,241,1.5099,Likely Monetised,"damn, jail, god, kill, genocide, hell, abusive, racist, attack, gun",Yes
w33BJ04LqaE,NYPD Illegally Hired CRIMINALS To Be Cops,Actual Justice Warrior,2025-07-14,PT13M1S,44784,3051,699,2451,47,1.9176,Likely Monetised,"judge, crime, black, black lives matter, criminal, fight, damage, violence, gun, controversy",No
wJWpjj3AB48,Kendrick vs. Drake: GAME OVER | OLAY & FRIENDS,olurinatti,2025-02-16,PT1H45M43S,59116,3418,410,22780,153,0.6716,Likely Monetised,"damn, slave, god, jail, kill, racism, hell, racist, murder, gun",Yes
wQhkoTny7oI,Socialist Countries Tier List Part 1,midwesternmarx,2025-07-14,PT38M39S,4388,208,53,6465,102,1.5777,Likely Monetised,"damn, destroy, kill, bastard, genocide, hell, nonsense, damage, murder, gun",No
wUW-yPF86Ag,Ghetto TRASH Mom ATTACKS High School Girl,Actual Justice Warrior,2025-08-16,PT11M44S,79110,4670,1797,2217,71,3.2025,Likely Demonetised,"judge, jail, kill, racist, damage, attack, weapon, violence, assault, gash",Yes
waBGDGWMmGU,Hasan Piker Schools Capitalist on Healthcare - Jubilee Middle Ground Reaction,midwesternmarx,2023-12-20,PT15M3S,10174,714,86,2648,16,0.6042,Likely Monetised,"die, chemical, wrong, majority, racist, anti-semitic, white, propaganda",Yes
y-X7q5tUH4g,Why People Hate Ja Morant,olurinatti,2023-05-26,PT12M49S,15137,1709,166,2580,65,2.5194,Uncertain,"damn, judge, prison, jail, kill, worst, crime, stupid, black, thug",Yes
yefIunm7Dgs,Is Trump bringing us to war? (Re-cap),Actual Justice Warrior,2017-04-17,PT7M20S,597,31,6,1402,35,2.4964,Uncertain,"damn, god, chemical, stupid, madman, hell, damage, attack, weapon, dictator",No
zUqo1s2P8zY,Fake Judge FREED Iryna Zarutska's Killer,Actual Justice Warrior,2025-09-10,PT22M34S,43738,3125,941,4224,129,3.054,Likely Demonetised,"judge, kill, robbery, thug, racist, nonsense, attack, weapon, murder, gun",No
zbhW36M_QKI,How Women Become Carceral Feminists,olurinatti,2025-02-28,PT39M26S,325878,26043,1960,8548,180,2.1058,Uncertain,"jail, judge, god, harassment, abusive, attack, gun, weapon, violence, worst",No
zh1eX7RA7ac,Milton Friedman is a Greedy lil Gremlin,midwesternmarx,2021-06-09,PT17M45S,2454,314,66,3143,23,0.7318,Likely Monetised,"slave, torture, worst, die, destroy, hitler, depression, murder, weapon, dictator",Yes
zn8MbXPP1HA,"Eddie Liger Live-stream #9 Cuba, Neo-Marxism , & More!",midwesternmarx,2021-06-09,PT21M52S,757,79,6,4149,47,1.1328,Likely Monetised,"slave, destroy, kill, hitler, genocide, gun, death, pandemic, strike, evil",No
zpweRxDVxbM,Riley: Date me or you're a bigot,Actual Justice Warrior,2017-03-23,PT8M49S,2576,127,20,1806,54,2.99,Uncertain,"god, kill, genitals, vagina, hell, nonsense, damage, cringy, gun, violence",No
